cohort_month,active_month,cohort_index,initial_users,active_users,retention_rate
Oct-16,Oct-16,0,262,262,1
Oct-16,Apr-17,6,262,1,0.0038
Oct-16,Jul-17,9,262,1,0.0038
Oct-16,Sep-17,11,262,1,0.0038
Oct-16,Nov-17,13,262,1,0.0038
Oct-16,Jan-18,15,262,1,0.0038
Oct-16,Mar-18,17,262,1,0.0038
Oct-16,May-18,19,262,2,0.0076
Oct-16,Jun-18,20,262,2,0.0076
Dec-16,Dec-16,0,1,1,1
Dec-16,Jan-17,1,1,1,1
Jan-17,Jan-17,0,717,717,1
Jan-17,Feb-17,1,717,2,0.0028
Jan-17,Mar-17,2,717,2,0.0028
Jan-17,Apr-17,3,717,1,0.0014
Jan-17,May-17,4,717,3,0.0042
Jan-17,Jun-17,5,717,1,0.0014
Jan-17,Jul-17,6,717,3,0.0042
Jan-17,Aug-17,7,717,1,0.0014
Jan-17,Sep-17,8,717,1,0.0014
Jan-17,Nov-17,10,717,3,0.0042
Jan-17,Dec-17,11,717,1,0.0014
Jan-17,Jan-18,12,717,5,0.007
Jan-17,Feb-18,13,717,3,0.0042
Jan-17,Mar-18,14,717,1,0.0014
Jan-17,Apr-18,15,717,1,0.0014
Jan-17,May-18,16,717,2,0.0028
Jan-17,Jun-18,17,717,3,0.0042
Jan-17,Aug-18,19,717,1,0.0014
Feb-17,Feb-17,0,1628,1628,1
Feb-17,Mar-17,1,1628,3,0.0018
Feb-17,Apr-17,2,1628,5,0.0031
Feb-17,May-17,3,1628,2,0.0012
Feb-17,Jun-17,4,1628,7,0.0043
Feb-17,Jul-17,5,1628,2,0.0012
Feb-17,Aug-17,6,1628,4,0.0025
Feb-17,Sep-17,7,1628,3,0.0018
Feb-17,Oct-17,8,1628,2,0.0012
Feb-17,Nov-17,9,1628,3,0.0018
Feb-17,Dec-17,10,1628,2,0.0012
Feb-17,Jan-18,11,1628,5,0.0031
Feb-17,Feb-18,12,1628,2,0.0012
Feb-17,Mar-18,13,1628,3,0.0018
Feb-17,Apr-18,14,1628,2,0.0012
Feb-17,May-18,15,1628,1,0.0006
Feb-17,Jun-18,16,1628,1,0.0006
Feb-17,Jul-18,17,1628,3,0.0018
Mar-17,Mar-17,0,2503,2503,1
Mar-17,Apr-17,1,2503,11,0.0044
Mar-17,May-17,2,2503,9,0.0036
Mar-17,Jun-17,3,2503,10,0.004
Mar-17,Jul-17,4,2503,9,0.0036
Mar-17,Aug-17,5,2503,4,0.0016
Mar-17,Sep-17,6,2503,4,0.0016
Mar-17,Oct-17,7,2503,8,0.0032
Mar-17,Nov-17,8,2503,8,0.0032
Mar-17,Dec-17,9,2503,2,0.0008
Mar-17,Jan-18,10,2503,9,0.0036
Mar-17,Feb-18,11,2503,3,0.0012
Mar-17,Mar-18,12,2503,5,0.002
Mar-17,Apr-18,13,2503,3,0.0012
Mar-17,May-18,14,2503,4,0.0016
Mar-17,Jun-18,15,2503,6,0.0024
Mar-17,Jul-18,16,2503,2,0.0008
Mar-17,Aug-18,17,2503,3,0.0012
Apr-17,Apr-17,0,2256,2256,1
Apr-17,May-17,1,2256,14,0.0062
Apr-17,Jun-17,2,2256,5,0.0022
Apr-17,Jul-17,3,2256,4,0.0018
Apr-17,Aug-17,4,2256,6,0.0027
Apr-17,Sep-17,5,2256,6,0.0027
Apr-17,Oct-17,6,2256,8,0.0035
Apr-17,Nov-17,7,2256,7,0.0031
Apr-17,Dec-17,8,2256,7,0.0031
Apr-17,Jan-18,9,2256,4,0.0018
Apr-17,Feb-18,10,2256,6,0.0027
Apr-17,Mar-18,11,2256,2,0.0009
Apr-17,Apr-18,12,2256,1,0.0004
Apr-17,May-18,13,2256,1,0.0004
Apr-17,Jun-18,14,2256,2,0.0009
Apr-17,Jul-18,15,2256,2,0.0009
Apr-17,Aug-18,16,2256,3,0.0013
May-17,May-17,0,3451,3451,1
May-17,Jun-17,1,3451,16,0.0046
May-17,Jul-17,2,3451,16,0.0046
May-17,Aug-17,3,3451,10,0.0029
May-17,Sep-17,4,3451,10,0.0029
May-17,Oct-17,5,3451,11,0.0032
May-17,Nov-17,6,3451,14,0.0041
May-17,Dec-17,7,3451,5,0.0014
May-17,Jan-18,8,3451,9,0.0026
May-17,Feb-18,9,3451,9,0.0026
May-17,Mar-18,10,3451,9,0.0026
May-17,Apr-18,11,3451,12,0.0035
May-17,May-18,12,3451,8,0.0023
May-17,Jun-18,13,3451,1,0.0003
May-17,Jul-18,14,3451,6,0.0017
May-17,Aug-18,15,3451,7,0.002
Jun-17,Jun-17,0,3037,3037,1
Jun-17,Jul-17,1,3037,15,0.0049
Jun-17,Aug-17,2,3037,12,0.004
Jun-17,Sep-17,3,3037,13,0.0043
Jun-17,Oct-17,4,3037,9,0.003
Jun-17,Nov-17,5,3037,12,0.004
Jun-17,Dec-17,6,3037,11,0.0036
Jun-17,Jan-18,7,3037,7,0.0023
Jun-17,Feb-18,8,3037,4,0.0013
Jun-17,Mar-18,9,3037,6,0.002
Jun-17,Apr-18,10,3037,9,0.003
Jun-17,May-18,11,3037,11,0.0036
Jun-17,Jun-18,12,3037,5,0.0016
Jun-17,Jul-18,13,3037,5,0.0016
Jun-17,Aug-18,14,3037,7,0.0023
Jul-17,Jul-17,0,3752,3752,1
Jul-17,Aug-17,1,3752,20,0.0053
Jul-17,Sep-17,2,3752,13,0.0035
Jul-17,Oct-17,3,3752,9,0.0024
Jul-17,Nov-17,4,3752,11,0.0029
Jul-17,Dec-17,5,3752,8,0.0021
Jul-17,Jan-18,6,3752,12,0.0032
Jul-17,Feb-18,7,3752,4,0.0011
Jul-17,Mar-18,8,3752,7,0.0019
Jul-17,Apr-18,9,3752,10,0.0027
Jul-17,May-18,10,3752,8,0.0021
Jul-17,Jun-18,11,3752,11,0.0029
Jul-17,Jul-18,12,3752,5,0.0013
Jul-17,Aug-18,13,3752,9,0.0024
Aug-17,Aug-17,0,4057,4057,1
Aug-17,Sep-17,1,4057,28,0.0069
Aug-17,Oct-17,2,4057,14,0.0035
Aug-17,Nov-17,3,4057,11,0.0027
Aug-17,Dec-17,4,4057,14,0.0035
Aug-17,Jan-18,5,4057,21,0.0052
Aug-17,Feb-18,6,4057,12,0.003
Aug-17,Mar-18,7,4057,11,0.0027
Aug-17,Apr-18,8,4057,6,0.0015
Aug-17,May-18,9,4057,6,0.0015
Aug-17,Jun-18,10,4057,10,0.0025
Aug-17,Jul-18,11,4057,8,0.002
Aug-17,Aug-18,12,4057,5,0.0012
Sep-17,Sep-17,0,4004,4004,1
Sep-17,Oct-17,1,4004,28,0.007
Sep-17,Nov-17,2,4004,22,0.0055
Sep-17,Dec-17,3,4004,11,0.0027
Sep-17,Jan-18,4,4004,18,0.0045
Sep-17,Feb-18,5,4004,9,0.0022
Sep-17,Mar-18,6,4004,9,0.0022
Sep-17,Apr-18,7,4004,10,0.0025
Sep-17,May-18,8,4004,11,0.0027
Sep-17,Jun-18,9,4004,7,0.0017
Sep-17,Jul-18,10,4004,10,0.0025
Sep-17,Aug-18,11,4004,3,0.0007
Oct-17,Oct-17,0,4328,4328,1
Oct-17,Nov-17,1,4328,31,0.0072
Oct-17,Dec-17,2,4328,11,0.0025
Oct-17,Jan-18,3,4328,4,0.0009
Oct-17,Feb-18,4,4328,10,0.0023
Oct-17,Mar-18,5,4328,9,0.0021
Oct-17,Apr-18,6,4328,9,0.0021
Oct-17,May-18,7,4328,16,0.0037
Oct-17,Jun-18,8,4328,12,0.0028
Oct-17,Jul-18,9,4328,8,0.0018
Oct-17,Aug-18,10,4328,9,0.0021
Nov-17,Nov-17,0,7060,7060,1
Nov-17,Dec-17,1,7060,40,0.0057
Nov-17,Jan-18,2,7060,26,0.0037
Nov-17,Feb-18,3,7060,12,0.0017
Nov-17,Mar-18,4,7060,12,0.0017
Nov-17,Apr-18,5,7060,13,0.0018
Nov-17,May-18,6,7060,8,0.0011
Nov-17,Jun-18,7,7060,13,0.0018
Nov-17,Jul-18,8,7060,9,0.0013
Nov-17,Aug-18,9,7060,4,0.0006
Dec-17,Dec-17,0,5338,5338,1
Dec-17,Jan-18,1,5338,11,0.0021
Dec-17,Feb-18,2,5338,15,0.0028
Dec-17,Mar-18,3,5338,18,0.0034
Dec-17,Apr-18,4,5338,14,0.0026
Dec-17,May-18,5,5338,11,0.0021
Dec-17,Jun-18,6,5338,9,0.0017
Dec-17,Jul-18,7,5338,1,0.0002
Dec-17,Aug-18,8,5338,10,0.0019
Jan-18,Jan-18,0,6842,6842,1
Jan-18,Feb-18,1,6842,23,0.0034
Jan-18,Mar-18,2,6842,25,0.0037
Jan-18,Apr-18,3,6842,20,0.0029
Jan-18,May-18,4,6842,20,0.0029
Jan-18,Jun-18,5,6842,11,0.0016
Jan-18,Jul-18,6,6842,12,0.0018
Jan-18,Aug-18,7,6842,16,0.0023
Feb-18,Feb-18,0,6288,6288,1
Feb-18,Mar-18,1,6288,22,0.0035
Feb-18,Apr-18,2,6288,25,0.004
Feb-18,May-18,3,6288,19,0.003
Feb-18,Jun-18,4,6288,16,0.0025
Feb-18,Jul-18,5,6288,14,0.0022
Feb-18,Aug-18,6,6288,13,0.0021
Mar-18,Mar-18,0,6774,6774,1
Mar-18,Apr-18,1,6774,27,0.004
Mar-18,May-18,2,6774,20,0.003
Mar-18,Jun-18,3,6774,20,0.003
Mar-18,Jul-18,4,6774,8,0.0012
Mar-18,Aug-18,5,6774,8,0.0012
Apr-18,Apr-18,0,6582,6582,1
Apr-18,May-18,1,6582,39,0.0059
Apr-18,Jun-18,2,6582,20,0.003
Apr-18,Jul-18,3,6582,16,0.0024
Apr-18,Aug-18,4,6582,9,0.0014
May-18,May-18,0,6506,6506,1
May-18,Jun-18,1,6506,34,0.0052
May-18,Jul-18,2,6506,17,0.0026
May-18,Aug-18,3,6506,12,0.0018
Jun-18,Jun-18,0,5878,5878,1
Jun-18,Jul-18,1,5878,25,0.0043
Jun-18,Aug-18,2,5878,16,0.0027
Jul-18,Jul-18,0,5949,5949,1
Jul-18,Aug-18,1,5949,31,0.0052
Aug-18,Aug-18,0,6144,6144,1
