purchase_month,category_name,monthly_sales_amount,monthly_order_count,monthly_item_count,avg_item_price,items_per_order
2016-09,health_beauty,134.97,1,3,44.99,3.0
2016-10,air_conditioning,1349.29,4,8,168.66125,2.0
2016-10,audio,156.99,2,2,78.495,1.0
2016-10,auto,1128.26,8,8,141.0325,1.0
2016-10,baby,1371.17,9,11,124.651818,1.222222
2016-10,bed_bath_table,478.99,5,8,59.87375,1.6
2016-10,computers_accessories,669.02,12,12,55.751667,1.0
2016-10,consoles_games,3619.36,7,7,517.051429,1.0
2016-10,cool_stuff,1046.1,7,7,149.442857,1.0
2016-10,diapers_and_hygiene,134.9,1,1,134.9,1.0
2016-10,electronics,107.99,1,1,107.99,1.0
2016-10,fashio_female_clothing,54.9,1,1,54.9,1.0
2016-10,fashion_bags_accessories,373.3,7,8,46.6625,1.142857
2016-10,fashion_male_clothing,24.9,1,1,24.9,1.0
2016-10,fashion_shoes,29.99,1,1,29.99,1.0
2016-10,fixed_telephony,704.88,5,5,140.976,1.0
2016-10,food,79.9,1,1,79.9,1.0
2016-10,furniture_decor,5690.52,49,65,87.546462,1.326531
2016-10,garden_tools,1359.88,5,5,271.976,1.0
2016-10,health_beauty,3439.25,36,40,85.98125,1.111111
2016-10,housewares,1287.07,9,12,107.255833,1.333333
2016-10,industry_commerce_and_business,359.6,3,4,89.9,1.333333
2016-10,market_place,915.29,5,11,83.208182,2.2
2016-10,office_furniture,1300.88,6,6,216.813333,1.0
2016-10,perfumery,4829.1,26,29,166.52069,1.115385
2016-10,pet_shop,689.68,4,4,172.42,1.0
2016-10,sports_leisure,2012.15,17,17,118.361765,1.0
2016-10,telephony,228.29,7,8,28.53625,1.142857
2016-10,toys,4106.5,22,24,171.104167,1.090909
2016-10,unknown,65.89,2,2,32.945,1.0
2016-10,watches_gifts,2711.07,4,4,677.7675,1.0
2016-12,fashion_bags_accessories,10.9,1,1,10.9,1.0
2017-01,agro_industry_and_commerce,65.97,2,3,21.99,1.5
2017-01,air_conditioning,663.7,3,4,165.925,1.333333
2017-01,auto,4820.03,27,31,155.484839,1.148148
2017-01,baby,6217.88,31,40,155.447,1.290323
2017-01,bed_bath_table,3804.36,43,46,82.703478,1.069767
2017-01,books_general_interest,234.89,2,2,117.445,1.0
2017-01,computers,2199.99,1,1,2199.99,1.0
2017-01,computers_accessories,3924.14,24,31,126.585161,1.291667
2017-01,consoles_games,4514.44,19,21,214.973333,1.105263
2017-01,cool_stuff,6856.87,30,37,185.320811,1.233333
2017-01,dvds_blu_ray,29.8,1,2,14.9,2.0
2017-01,electronics,617.0,11,11,56.090909,1.0
2017-01,fashio_female_clothing,77.3,2,2,38.65,1.0
2017-01,fashion_bags_accessories,1671.97,30,35,47.770571,1.166667
2017-01,fashion_male_clothing,126.9,1,1,126.9,1.0
2017-01,fashion_shoes,34.9,1,1,34.9,1.0
2017-01,fashion_underwear_beach,137.25,2,2,68.625,1.0
2017-01,fixed_telephony,677.12,19,22,30.778182,1.157895
2017-01,food,42.82,2,2,21.41,1.0
2017-01,furniture_bedroom,73.2,8,8,9.15,1.0
2017-01,furniture_decor,13036.63,132,177,73.653277,1.340909
2017-01,furniture_living_room,1241.9,8,10,124.19,1.25
2017-01,garden_tools,7466.95,36,54,138.276852,1.5
2017-01,health_beauty,12366.44,79,82,150.810244,1.037975
2017-01,home_appliances_2,1916.78,6,7,273.825714,1.166667
2017-01,home_comfort_2,72.8,2,2,36.4,1.0
2017-01,housewares,2827.58,21,28,100.985,1.333333
2017-01,kitchen_dining_laundry_garden_furniture,110.0,1,1,110.0,1.0
2017-01,luggage_accessories,492.5,4,5,98.5,1.25
2017-01,market_place,414.14,5,5,82.828,1.0
2017-01,music,19.8,2,2,9.9,1.0
2017-01,musical_instruments,339.74,1,1,339.74,1.0
2017-01,office_furniture,1158.35,6,8,144.79375,1.333333
2017-01,perfumery,5112.6,29,34,150.370588,1.172414
2017-01,pet_shop,799.12,12,14,57.08,1.166667
2017-01,security_and_services,183.29,1,1,183.29,1.0
2017-01,small_appliances,1660.79,6,6,276.798333,1.0
2017-01,sports_leisure,9212.14,57,74,124.488378,1.298246
2017-01,stationery,1561.99,7,14,111.570714,2.0
2017-01,telephony,755.94,17,22,34.360909,1.294118
2017-01,toys,4568.19,41,41,111.419268,1.0
2017-01,unknown,1603.64,10,12,133.636667,1.2
2017-01,watches_gifts,8086.52,11,11,735.138182,1.0
2017-02,agro_industry_and_commerce,224.84,7,7,32.12,1.0
2017-02,air_conditioning,2405.3,11,11,218.663636,1.0
2017-02,audio,163.8,5,5,32.76,1.0
2017-02,auto,12358.78,75,83,148.900964,1.106667
2017-02,baby,2837.58,31,32,88.674375,1.032258
2017-02,bed_bath_table,15572.13,140,157,99.185541,1.121429
2017-02,books_general_interest,772.71,8,8,96.58875,1.0
2017-02,books_technical,159.0,1,1,159.0,1.0
2017-02,cine_photo,59.0,1,1,59.0,1.0
2017-02,computers,3549.0,1,1,3549.0,1.0
2017-02,computers_accessories,11319.09,92,100,113.1909,1.086957
2017-02,consoles_games,4294.77,18,18,238.598333,1.0
2017-02,construction_tools_construction,336.79,3,3,112.263333,1.0
2017-02,construction_tools_safety,379.0,1,1,379.0,1.0
2017-02,cool_stuff,12454.6,68,69,180.501449,1.014706
2017-02,costruction_tools_garden,579.98,1,2,289.99,2.0
2017-02,dvds_blu_ray,14.9,1,1,14.9,1.0
2017-02,electronics,1218.85,14,19,64.15,1.357143
2017-02,fashio_female_clothing,363.9,3,3,121.3,1.0
2017-02,fashion_bags_accessories,2170.31,32,36,60.286389,1.125
2017-02,fashion_male_clothing,545.95,6,6,90.991667,1.0
2017-02,fashion_shoes,107.05,2,3,35.683333,1.5
2017-02,fashion_underwear_beach,396.97,6,8,49.62125,1.333333
2017-02,fixed_telephony,759.23,18,22,34.510455,1.222222
2017-02,food,676.73,8,8,84.59125,1.0
2017-02,furniture_bedroom,450.0,1,1,450.0,1.0
2017-02,furniture_decor,19926.41,213,257,77.534669,1.206573
2017-02,furniture_living_room,3409.64,12,21,162.36381,1.75
2017-02,garden_tools,11734.62,60,69,170.066957,1.15
2017-02,health_beauty,22059.92,143,154,143.246234,1.076923
2017-02,home_appliances,740.9,7,7,105.842857,1.0
2017-02,home_appliances_2,15.99,1,1,15.99,1.0
2017-02,home_confort,414.66,3,3,138.22,1.0
2017-02,home_construction,695.6,3,4,173.9,1.333333
2017-02,housewares,11295.34,61,69,163.70058,1.131148
2017-02,industry_commerce_and_business,119.0,1,1,119.0,1.0
2017-02,kitchen_dining_laundry_garden_furniture,139.9,2,2,69.95,1.0
2017-02,luggage_accessories,1659.19,19,20,82.9595,1.052632
2017-02,market_place,1574.22,17,20,78.711,1.176471
2017-02,musical_instruments,2221.28,8,9,246.808889,1.125
2017-02,office_furniture,10845.98,52,62,174.935161,1.192308
2017-02,perfumery,8040.38,47,49,164.089388,1.042553
2017-02,pet_shop,3584.87,36,39,91.919744,1.083333
2017-02,small_appliances,7251.58,25,28,258.985,1.12
2017-02,sports_leisure,15629.98,134,149,104.899195,1.11194
2017-02,stationery,2341.4,19,19,123.231579,1.0
2017-02,tablets_printing_image,792.0,8,8,99.0,1.0
2017-02,telephony,6693.34,95,106,63.144717,1.115789
2017-02,toys,9353.44,61,66,141.718788,1.081967
2017-02,unknown,8521.11,50,56,152.162679,1.12
2017-02,watches_gifts,10992.39,32,33,333.102727,1.03125
2017-03,agro_industry_and_commerce,81.99,2,2,40.995,1.0
2017-03,air_conditioning,4103.81,16,17,241.400588,1.0625
2017-03,art,174.6,4,4,43.65,1.0
2017-03,audio,1134.77,13,14,81.055,1.076923
2017-03,auto,13272.93,67,78,170.165769,1.164179
2017-03,baby,3592.28,41,42,85.530476,1.02439
2017-03,bed_bath_table,25120.02,239,279,90.035914,1.167364
2017-03,books_general_interest,2533.96,19,24,105.581667,1.263158
2017-03,books_technical,75.0,2,2,37.5,1.0
2017-03,computers_accessories,28078.8,147,171,164.203509,1.163265
2017-03,consoles_games,9834.04,45,47,209.234894,1.044444
2017-03,construction_tools_construction,38.9,1,1,38.9,1.0
2017-03,cool_stuff,20583.33,116,118,174.435,1.017241
2017-03,drinks,463.87,4,5,92.774,1.25
2017-03,dvds_blu_ray,453.7,3,4,113.425,1.333333
2017-03,electronics,3986.0,32,37,107.72973,1.15625
2017-03,fashio_female_clothing,19.9,1,1,19.9,1.0
2017-03,fashion_bags_accessories,4786.36,60,66,72.520606,1.1
2017-03,fashion_male_clothing,580.8,7,9,64.533333,1.285714
2017-03,fashion_shoes,1515.0,13,14,108.214286,1.076923
2017-03,fashion_sport,39.9,1,1,39.9,1.0
2017-03,fashion_underwear_beach,394.14,6,6,65.69,1.0
2017-03,fixed_telephony,1333.45,14,20,66.6725,1.428571
2017-03,food,2412.66,19,21,114.888571,1.105263
2017-03,food_drink,85.8,4,4,21.45,1.0
2017-03,furniture_decor,22133.47,253,315,70.264984,1.245059
2017-03,furniture_living_room,3324.0,17,24,138.5,1.411765
2017-03,garden_tools,23508.76,117,146,161.018904,1.247863
2017-03,health_beauty,25652.45,190,208,123.329087,1.094737
2017-03,home_appliances,313.3,9,10,31.33,1.111111
2017-03,home_appliances_2,500.9,2,2,250.45,1.0
2017-03,home_comfort_2,342.88,3,3,114.293333,1.0
2017-03,home_confort,2123.4,12,13,163.338462,1.083333
2017-03,home_construction,591.96,5,10,59.196,2.0
2017-03,housewares,12906.96,170,196,65.851837,1.152941
2017-03,industry_commerce_and_business,238.0,2,2,119.0,1.0
2017-03,kitchen_dining_laundry_garden_furniture,113.98,3,3,37.993333,1.0
2017-03,luggage_accessories,5924.01,35,38,155.895,1.085714
2017-03,market_place,1808.59,17,17,106.387647,1.0
2017-03,music,27.99,1,1,27.99,1.0
2017-03,musical_instruments,1667.33,9,10,166.733,1.111111
2017-03,office_furniture,10793.85,58,74,145.862838,1.275862
2017-03,perfumery,19608.14,103,105,186.74419,1.019417
2017-03,pet_shop,8240.06,40,44,187.274091,1.1
2017-03,signaling_and_security,75.0,1,1,75.0,1.0
2017-03,small_appliances,11171.06,31,31,360.356774,1.0
2017-03,sports_leisure,25472.89,164,190,134.067842,1.158537
2017-03,stationery,5902.62,56,56,105.403929,1.0
2017-03,tablets_printing_image,495.0,5,5,99.0,1.0
2017-03,telephony,7877.12,153,165,47.740121,1.078431
2017-03,toys,12339.57,99,102,120.976176,1.030303
2017-03,unknown,6457.17,54,60,107.6195,1.111111
2017-03,watches_gifts,24892.38,74,79,315.093418,1.067568
2017-04,air_conditioning,2492.23,13,15,166.148667,1.153846
2017-04,art,119.9,1,1,119.9,1.0
2017-04,audio,942.2,9,11,85.654545,1.222222
2017-04,auto,15149.32,77,84,180.349048,1.090909
2017-04,baby,3930.55,47,50,78.611,1.06383
2017-04,bed_bath_table,24092.89,231,271,88.903653,1.17316
2017-04,books_general_interest,923.38,12,12,76.948333,1.0
2017-04,books_imported,19.99,1,1,19.99,1.0
2017-04,books_technical,75.0,1,1,75.0,1.0
2017-04,christmas_supplies,69.0,1,1,69.0,1.0
2017-04,cine_photo,118.0,2,2,59.0,1.0
2017-04,computers_accessories,18353.46,116,132,139.041364,1.137931
2017-04,consoles_games,3772.88,15,17,221.934118,1.133333
2017-04,cool_stuff,20902.39,112,114,183.354298,1.017857
2017-04,costruction_tools_garden,1490.21,7,8,186.27625,1.142857
2017-04,costruction_tools_tools,729.0,1,1,729.0,1.0
2017-04,dvds_blu_ray,1434.9,2,2,717.45,1.0
2017-04,electronics,4822.24,47,48,100.463333,1.021277
2017-04,fashio_female_clothing,64.9,1,1,64.9,1.0
2017-04,fashion_bags_accessories,3095.9,44,48,64.497917,1.090909
2017-04,fashion_male_clothing,366.89,5,5,73.378,1.0
2017-04,fashion_shoes,1526.5,20,23,66.369565,1.15
2017-04,fashion_sport,189.78,4,4,47.445,1.0
2017-04,fashion_underwear_beach,92.89,3,3,30.963333,1.0
2017-04,fixed_telephony,505.83,6,6,84.305,1.0
2017-04,food,491.3,8,8,61.4125,1.0
2017-04,food_drink,47.9,2,3,15.966667,1.5
2017-04,furniture_bedroom,628.98,3,3,209.66,1.0
2017-04,furniture_decor,19211.23,162,191,100.582356,1.179012
2017-04,furniture_living_room,2073.34,11,12,172.778333,1.090909
2017-04,furniture_mattress_and_upholstery,109.4,1,1,109.4,1.0
2017-04,garden_tools,17648.93,93,108,163.416019,1.16129
2017-04,health_beauty,22156.34,168,180,123.090778,1.071429
2017-04,home_appliances,499.4,9,10,49.94,1.111111
2017-04,home_appliances_2,799.8,2,2,399.9,1.0
2017-04,home_comfort_2,12.9,1,1,12.9,1.0
2017-04,home_confort,2411.1,16,17,141.829412,1.0625
2017-04,home_construction,1602.69,5,5,320.538,1.0
2017-04,housewares,12472.18,134,169,73.799882,1.261194
2017-04,kitchen_dining_laundry_garden_furniture,1033.4,8,9,114.822222,1.125
2017-04,la_cuisine,24.0,1,1,24.0,1.0
2017-04,luggage_accessories,7090.3,46,48,147.714583,1.043478
2017-04,market_place,4045.28,19,19,212.909474,1.0
2017-04,music,59.8,2,2,29.9,1.0
2017-04,musical_instruments,3818.43,16,16,238.651875,1.0
2017-04,office_furniture,9411.3,48,58,162.263793,1.208333
2017-04,perfumery,19436.51,97,101,192.440693,1.041237
2017-04,pet_shop,6182.89,46,51,121.233137,1.108696
2017-04,signaling_and_security,128.06,3,3,42.686667,1.0
2017-04,small_appliances,23114.98,20,20,1155.749,1.0
2017-04,sports_leisure,22997.06,184,203,113.28601,1.103261
2017-04,stationery,4551.44,35,35,130.041143,1.0
2017-04,tablets_printing_image,1112.88,9,11,101.170909,1.222222
2017-04,telephony,7133.94,138,142,50.239014,1.028986
2017-04,toys,13039.43,103,113,115.393186,1.097087
2017-04,unknown,8708.17,63,71,122.650282,1.126984
2017-04,watches_gifts,23336.09,88,95,245.643053,1.079545
2017-05,agro_industry_and_commerce,1579.94,4,4,394.985,1.0
2017-05,air_conditioning,914.87,6,7,130.695714,1.166667
2017-05,art,6927.25,6,6,1154.541667,1.0
2017-05,arts_and_craftmanship,21.99,1,1,21.99,1.0
2017-05,audio,2081.18,17,17,122.422353,1.0
2017-05,auto,17501.25,99,113,154.878319,1.141414
2017-05,baby,8933.72,96,102,87.58549,1.0625
2017-05,bed_bath_table,32684.6,323,361,90.539058,1.117647
2017-05,books_general_interest,1841.57,19,20,92.0785,1.052632
2017-05,books_technical,262.0,3,3,87.333333,1.0
2017-05,cine_photo,59.0,1,1,59.0,1.0
2017-05,computers_accessories,44759.39,253,309,144.852395,1.221344
2017-05,consoles_games,2507.2,26,29,86.455172,1.115385
2017-05,construction_tools_construction,99.99,1,1,99.99,1.0
2017-05,cool_stuff,32481.6,230,241,134.778423,1.047826
2017-05,costruction_tools_garden,1447.34,5,7,206.762857,1.4
2017-05,costruction_tools_tools,803.9,2,2,401.95,1.0
2017-05,drinks,90.0,1,1,90.0,1.0
2017-05,dvds_blu_ray,89.6,4,4,22.4,1.0
2017-05,electronics,6149.11,59,65,94.601692,1.101695
2017-05,fashio_female_clothing,367.5,4,4,91.875,1.0
2017-05,fashion_bags_accessories,7192.0,91,104,69.153846,1.142857
2017-05,fashion_childrens_clothes,110.0,1,1,110.0,1.0
2017-05,fashion_male_clothing,608.9,3,4,152.225,1.333333
2017-05,fashion_shoes,1669.54,22,22,75.888182,1.0
2017-05,fashion_sport,124.84,3,3,41.613333,1.0
2017-05,fashion_underwear_beach,283.5,6,7,40.5,1.166667
2017-05,fixed_telephony,445.83,9,9,49.536667,1.0
2017-05,food,387.9,3,3,129.3,1.0
2017-05,food_drink,345.49,10,12,28.790833,1.2
2017-05,furniture_bedroom,2369.97,6,9,263.33,1.5
2017-05,furniture_decor,22312.54,226,271,82.334096,1.199115
2017-05,furniture_living_room,4479.45,27,32,139.982812,1.185185
2017-05,furniture_mattress_and_upholstery,595.89,3,3,198.63,1.0
2017-05,garden_tools,20372.57,121,138,147.627319,1.140496
2017-05,health_beauty,46340.06,261,284,163.169225,1.088123
2017-05,home_appliances,1912.79,28,28,68.313929,1.0
2017-05,home_appliances_2,1306.05,7,7,186.578571,1.0
2017-05,home_confort,5114.07,32,35,146.116286,1.09375
2017-05,home_construction,1620.5,5,7,231.5,1.4
2017-05,housewares,21374.9,259,302,70.777815,1.166023
2017-05,industry_commerce_and_business,519.8,2,2,259.9,1.0
2017-05,kitchen_dining_laundry_garden_furniture,1304.48,9,9,144.942222,1.0
2017-05,la_cuisine,193.0,1,1,193.0,1.0
2017-05,luggage_accessories,12539.62,64,70,179.137429,1.09375
2017-05,market_place,2476.98,21,22,112.59,1.047619
2017-05,musical_instruments,9639.44,18,20,481.972,1.111111
2017-05,office_furniture,8403.43,42,56,150.06125,1.333333
2017-05,perfumery,19982.06,132,143,139.734685,1.083333
2017-05,pet_shop,8151.02,66,73,111.657808,1.106061
2017-05,signaling_and_security,508.85,3,4,127.2125,1.333333
2017-05,small_appliances,5241.44,16,18,291.191111,1.125
2017-05,sports_leisure,34101.73,256,305,111.808951,1.191406
2017-05,stationery,5600.18,60,64,87.502812,1.066667
2017-05,tablets_printing_image,1514.98,7,7,216.425714,1.0
2017-05,telephony,8844.39,196,214,41.328925,1.091837
2017-05,toys,22179.25,192,196,113.159439,1.020833
2017-05,unknown,10948.33,83,92,119.003587,1.108434
2017-05,watches_gifts,36619.48,120,129,283.871938,1.075
2017-06,agro_industry_and_commerce,1390.0,1,1,1390.0,1.0
2017-06,air_conditioning,2084.48,9,11,189.498182,1.222222
2017-06,art,200.3,4,4,50.075,1.0
2017-06,audio,1671.0,11,11,151.909091,1.0
2017-06,auto,29335.71,101,110,266.688273,1.089109
2017-06,baby,7864.74,72,78,100.83,1.083333
2017-06,bed_bath_table,33803.23,324,369,91.607669,1.138889
2017-06,books_general_interest,1922.18,19,20,96.109,1.052632
2017-06,books_imported,99.0,1,2,49.5,2.0
2017-06,books_technical,145.9,2,2,72.95,1.0
2017-06,christmas_supplies,184.7,2,3,61.566667,1.5
2017-06,cine_photo,79.0,1,1,79.0,1.0
2017-06,computers_accessories,36193.7,212,254,142.494882,1.198113
2017-06,consoles_games,5309.03,26,29,183.07,1.115385
2017-06,construction_tools_construction,376.37,4,8,47.04625,2.0
2017-06,cool_stuff,38109.61,195,199,191.505578,1.020513
2017-06,costruction_tools_garden,434.69,3,4,108.6725,1.333333
2017-06,drinks,49.99,1,1,49.99,1.0
2017-06,dvds_blu_ray,126.69,4,4,31.6725,1.0
2017-06,electronics,2060.04,39,41,50.244878,1.051282
2017-06,fashio_female_clothing,154.8,3,3,51.6,1.0
2017-06,fashion_bags_accessories,6722.13,75,81,82.989259,1.08
2017-06,fashion_childrens_clothes,110.0,1,1,110.0,1.0
2017-06,fashion_male_clothing,519.79,7,9,57.754444,1.285714
2017-06,fashion_shoes,1279.38,16,19,67.335789,1.1875
2017-06,fashion_sport,470.5,5,5,94.1,1.0
2017-06,fashion_underwear_beach,3.9,1,1,3.9,1.0
2017-06,fixed_telephony,933.67,12,12,77.805833,1.0
2017-06,food,149.9,1,1,149.9,1.0
2017-06,food_drink,57.4,2,2,28.7,1.0
2017-06,furniture_bedroom,308.99,2,2,154.495,1.0
2017-06,furniture_decor,16614.29,177,230,72.236043,1.299435
2017-06,furniture_living_room,1713.3,12,15,114.22,1.25
2017-06,garden_tools,15447.09,98,110,140.428091,1.122449
2017-06,health_beauty,31676.81,233,254,124.71185,1.090129
2017-06,home_appliances,2507.19,42,43,58.306744,1.02381
2017-06,home_appliances_2,1213.87,6,6,202.311667,1.0
2017-06,home_comfort_2,12.9,1,1,12.9,1.0
2017-06,home_confort,2818.2,17,17,165.776471,1.0
2017-06,home_construction,1992.3,4,8,249.0375,2.0
2017-06,housewares,22978.21,280,321,71.583209,1.146429
2017-06,industry_commerce_and_business,276.97,2,2,138.485,1.0
2017-06,kitchen_dining_laundry_garden_furniture,374.8,4,4,93.7,1.0
2017-06,luggage_accessories,8142.19,59,60,135.703167,1.016949
2017-06,market_place,1258.95,15,16,78.684375,1.066667
2017-06,music,1066.9,4,4,266.725,1.0
2017-06,musical_instruments,4993.05,17,20,249.6525,1.176471
2017-06,office_furniture,7279.13,45,50,145.5826,1.111111
2017-06,perfumery,23954.32,140,148,161.853514,1.057143
2017-06,pet_shop,5123.57,60,63,81.326508,1.05
2017-06,signaling_and_security,134.0,1,1,134.0,1.0
2017-06,small_appliances,9698.81,23,23,421.687391,1.0
2017-06,small_appliances_home_oven_and_coffee,71.9,1,1,71.9,1.0
2017-06,sports_leisure,32066.93,245,269,119.207918,1.097959
2017-06,stationery,3493.57,37,38,91.936053,1.027027
2017-06,tablets_printing_image,594.0,6,6,99.0,1.0
2017-06,telephony,6561.73,148,157,41.794459,1.060811
2017-06,toys,15337.55,150,156,98.317628,1.04
2017-06,unknown,5032.39,51,59,85.294746,1.156863
2017-06,watches_gifts,27337.63,113,119,229.727983,1.053097
2017-07,agro_industry_and_commerce,1180.0,1,1,1180.0,1.0
2017-07,air_conditioning,1396.1,5,5,279.22,1.0
2017-07,art,386.75,3,3,128.916667,1.0
2017-07,arts_and_craftmanship,129.9,1,1,129.9,1.0
2017-07,audio,673.69,6,6,112.281667,1.0
2017-07,auto,13886.85,103,114,121.814474,1.106796
2017-07,baby,15461.41,121,125,123.69128,1.033058
2017-07,bed_bath_table,62786.96,503,569,110.346151,1.131213
2017-07,books_general_interest,1292.4,12,13,99.415385,1.083333
2017-07,books_technical,528.0,2,2,264.0,1.0
2017-07,cds_dvds_musicals,225.0,4,5,45.0,1.25
2017-07,christmas_supplies,65.09,2,2,32.545,1.0
2017-07,computers_accessories,38176.22,268,320,119.300688,1.19403
2017-07,consoles_games,5411.24,45,47,115.132766,1.044444
2017-07,construction_tools_construction,549.44,5,6,91.573333,1.2
2017-07,construction_tools_lights,360.0,1,1,360.0,1.0
2017-07,cool_stuff,36653.46,220,228,160.760789,1.036364
2017-07,costruction_tools_garden,347.58,7,8,43.4475,1.142857
2017-07,drinks,273.97,2,3,91.323333,1.5
2017-07,dvds_blu_ray,732.8,3,3,244.266667,1.0
2017-07,electronics,7266.04,84,94,77.298298,1.119048
2017-07,fashio_female_clothing,310.7,4,4,77.675,1.0
2017-07,fashion_bags_accessories,5063.21,80,86,58.874535,1.075
2017-07,fashion_male_clothing,719.99,8,9,79.998889,1.125
2017-07,fashion_shoes,1283.02,18,19,67.527368,1.055556
2017-07,fashion_sport,69.9,1,1,69.9,1.0
2017-07,fashion_underwear_beach,274.8,3,3,91.6,1.0
2017-07,fixed_telephony,218.73,8,9,24.303333,1.125
2017-07,food,584.16,7,7,83.451429,1.0
2017-07,food_drink,168.2,7,8,21.025,1.142857
2017-07,furniture_bedroom,1077.99,4,4,269.4975,1.0
2017-07,furniture_decor,24028.12,249,314,76.522675,1.261044
2017-07,furniture_living_room,3826.12,26,30,127.537333,1.153846
2017-07,furniture_mattress_and_upholstery,109.4,1,1,109.4,1.0
2017-07,garden_tools,18951.3,153,184,102.996196,1.202614
2017-07,health_beauty,34239.45,270,308,111.167045,1.140741
2017-07,home_appliances,3671.99,37,37,99.242973,1.0
2017-07,home_appliances_2,1033.99,7,7,147.712857,1.0
2017-07,home_comfort_2,12.9,1,1,12.9,1.0
2017-07,home_confort,4563.85,36,43,106.136047,1.194444
2017-07,home_construction,93.6,1,2,46.8,2.0
2017-07,housewares,20251.53,220,271,74.728893,1.231818
2017-07,industry_commerce_and_business,245.96,2,2,122.98,1.0
2017-07,kitchen_dining_laundry_garden_furniture,1316.5,9,11,119.681818,1.222222
2017-07,la_cuisine,469.99,4,4,117.4975,1.0
2017-07,luggage_accessories,8311.71,72,73,113.859041,1.013889
2017-07,market_place,1573.38,13,13,121.029231,1.0
2017-07,music,329.0,1,1,329.0,1.0
2017-07,musical_instruments,7282.59,26,30,242.753,1.153846
2017-07,office_furniture,16892.61,97,115,146.892261,1.185567
2017-07,party_supplies,69.9,1,1,69.9,1.0
2017-07,perfumery,12734.25,115,121,105.241736,1.052174
2017-07,pet_shop,6575.97,70,85,77.364353,1.214286
2017-07,signaling_and_security,475.91,4,5,95.182,1.25
2017-07,small_appliances,3587.23,30,31,115.717097,1.033333
2017-07,sports_leisure,36618.83,327,375,97.650213,1.146789
2017-07,stationery,6906.85,72,77,89.699351,1.069444
2017-07,tablets_printing_image,198.0,2,2,99.0,1.0
2017-07,telephony,9052.87,135,143,63.306783,1.059259
2017-07,toys,23956.84,197,203,118.01399,1.030457
2017-07,unknown,2967.86,52,58,51.17,1.115385
2017-07,watches_gifts,33702.42,151,162,208.03963,1.072848
2017-08,agro_industry_and_commerce,88.0,1,4,22.0,4.0
2017-08,air_conditioning,4271.73,12,15,284.782,1.25
2017-08,art,244.7,4,4,61.175,1.0
2017-08,audio,1050.7,7,7,150.1,1.0
2017-08,auto,18922.61,128,161,117.531739,1.257812
2017-08,baby,19160.1,120,127,150.866929,1.058333
2017-08,bed_bath_table,56580.63,442,506,111.819427,1.144796
2017-08,books_general_interest,2275.0,27,27,84.259259,1.0
2017-08,books_imported,61.0,1,1,61.0,1.0
2017-08,books_technical,1196.38,9,9,132.931111,1.0
2017-08,cds_dvds_musicals,135.0,2,3,45.0,1.5
2017-08,christmas_supplies,58.9,1,1,58.9,1.0
2017-08,computers,32400.0,28,28,1157.142857,1.0
2017-08,computers_accessories,33826.47,290,341,99.197859,1.175862
2017-08,consoles_games,8054.75,79,84,95.889881,1.063291
2017-08,construction_tools_construction,1180.0,6,7,168.571429,1.166667
2017-08,construction_tools_lights,589.0,2,2,294.5,1.0
2017-08,construction_tools_safety,8.9,1,1,8.9,1.0
2017-08,cool_stuff,38264.51,235,256,149.470742,1.089362
2017-08,costruction_tools_garden,1286.19,7,10,128.619,1.428571
2017-08,drinks,119.9,2,2,59.95,1.0
2017-08,dvds_blu_ray,113.4,6,6,18.9,1.0
2017-08,electronics,2854.15,52,56,50.966964,1.076923
2017-08,fashio_female_clothing,188.7,4,4,47.175,1.0
2017-08,fashion_bags_accessories,6438.89,85,95,67.777789,1.117647
2017-08,fashion_male_clothing,1175.06,12,14,83.932857,1.166667
2017-08,fashion_shoes,1491.69,18,22,67.804091,1.222222
2017-08,fashion_sport,265.8,2,2,132.9,1.0
2017-08,fashion_underwear_beach,1111.0,13,13,85.461538,1.0
2017-08,fixed_telephony,3343.54,14,20,167.177,1.428571
2017-08,food,364.5,8,8,45.5625,1.0
2017-08,food_drink,494.81,12,15,32.987333,1.25
2017-08,furniture_bedroom,618.0,3,3,206.0,1.0
2017-08,furniture_decor,33595.89,323,426,78.863592,1.318885
2017-08,furniture_living_room,2478.07,21,23,107.742174,1.095238
2017-08,furniture_mattress_and_upholstery,509.39,2,2,254.695,1.0
2017-08,garden_tools,22920.93,194,233,98.37309,1.201031
2017-08,health_beauty,49030.23,338,352,139.290426,1.04142
2017-08,home_appliances,3921.35,42,42,93.365476,1.0
2017-08,home_appliances_2,3686.55,15,15,245.77,1.0
2017-08,home_comfort_2,38.7,2,3,12.9,1.5
2017-08,home_confort,4000.19,24,28,142.863929,1.166667
2017-08,home_construction,124.8,1,1,124.8,1.0
2017-08,housewares,23427.84,245,280,83.670857,1.142857
2017-08,industry_commerce_and_business,956.9,3,3,318.966667,1.0
2017-08,kitchen_dining_laundry_garden_furniture,1006.2,7,7,143.742857,1.0
2017-08,la_cuisine,313.0,2,2,156.5,1.0
2017-08,luggage_accessories,6533.1,57,62,105.372581,1.087719
2017-08,market_place,1937.39,22,23,84.234348,1.045455
2017-08,musical_instruments,7089.55,23,23,308.241304,1.0
2017-08,office_furniture,9877.36,46,58,170.29931,1.26087
2017-08,perfumery,13085.1,117,127,103.032283,1.08547
2017-08,pet_shop,10425.79,75,89,117.143708,1.186667
2017-08,signaling_and_security,377.8,4,4,94.45,1.0
2017-08,small_appliances,4297.01,32,36,119.361389,1.125
2017-08,small_appliances_home_oven_and_coffee,21.9,1,1,21.9,1.0
2017-08,sports_leisure,40624.77,375,417,97.421511,1.112
2017-08,stationery,6366.91,75,80,79.586375,1.066667
2017-08,tablets_printing_image,450.89,6,6,75.148333,1.0
2017-08,telephony,10553.31,127,132,79.949318,1.03937
2017-08,toys,17675.37,168,182,97.117418,1.083333
2017-08,unknown,4968.45,64,75,66.246,1.171875
2017-08,watches_gifts,36170.95,194,211,171.426303,1.087629
2017-09,agro_industry_and_commerce,1993.99,3,4,498.4975,1.333333
2017-09,air_conditioning,1629.15,7,7,232.735714,1.0
2017-09,art,388.54,3,3,129.513333,1.0
2017-09,audio,1042.59,10,10,104.259,1.0
2017-09,auto,14126.77,96,107,132.025888,1.114583
2017-09,baby,23232.45,161,170,136.661471,1.055901
2017-09,bed_bath_table,52105.61,456,528,98.684867,1.157895
2017-09,books_general_interest,932.24,14,14,66.588571,1.0
2017-09,books_imported,290.0,3,4,72.5,1.333333
2017-09,books_technical,1001.35,8,8,125.16875,1.0
2017-09,christmas_supplies,254.7,3,4,63.675,1.333333
2017-09,cine_photo,69.0,1,1,69.0,1.0
2017-09,computers,51228.89,39,40,1280.72225,1.025641
2017-09,computers_accessories,28040.65,211,247,113.524899,1.170616
2017-09,consoles_games,8150.57,58,63,129.374127,1.086207
2017-09,construction_tools_construction,1240.3,7,10,124.03,1.428571
2017-09,construction_tools_lights,229.0,1,1,229.0,1.0
2017-09,construction_tools_safety,1124.54,4,5,224.908,1.25
2017-09,cool_stuff,37547.47,196,203,184.962906,1.035714
2017-09,costruction_tools_garden,251.6,4,5,50.32,1.25
2017-09,costruction_tools_tools,916.89,3,3,305.63,1.0
2017-09,drinks,244.98,5,6,40.83,1.2
2017-09,dvds_blu_ray,39.8,2,2,19.9,1.0
2017-09,electronics,4338.96,65,67,64.760597,1.030769
2017-09,fashio_female_clothing,355.7,3,4,88.925,1.333333
2017-09,fashion_bags_accessories,11778.24,101,122,96.542951,1.207921
2017-09,fashion_childrens_clothes,89.99,1,1,89.99,1.0
2017-09,fashion_male_clothing,1177.5,10,16,73.59375,1.6
2017-09,fashion_shoes,1099.7,12,13,84.592308,1.083333
2017-09,fashion_sport,384.6,2,5,76.92,2.5
2017-09,fashion_underwear_beach,1619.9,14,16,101.24375,1.142857
2017-09,fixed_telephony,13692.91,6,13,1053.300769,2.166667
2017-09,food,992.92,13,17,58.407059,1.307692
2017-09,food_drink,310.86,6,9,34.54,1.5
2017-09,furniture_bedroom,709.6,3,4,177.4,1.333333
2017-09,furniture_decor,30554.92,270,343,89.081399,1.27037
2017-09,furniture_living_room,1275.87,11,11,115.988182,1.0
2017-09,furniture_mattress_and_upholstery,86.5,1,1,86.5,1.0
2017-09,garden_tools,22028.43,176,222,99.227162,1.261364
2017-09,health_beauty,50649.16,356,376,134.705213,1.05618
2017-09,home_appliances,1820.19,10,10,182.019,1.0
2017-09,home_appliances_2,1627.8,6,6,271.3,1.0
2017-09,home_comfort_2,12.9,1,1,12.9,1.0
2017-09,home_confort,4592.34,26,33,139.161818,1.269231
2017-09,home_construction,1357.81,9,11,123.437273,1.222222
2017-09,housewares,19941.56,217,249,80.086586,1.147465
2017-09,industry_commerce_and_business,219.98,2,2,109.99,1.0
2017-09,kitchen_dining_laundry_garden_furniture,409.6,4,4,102.4,1.0
2017-09,luggage_accessories,3885.38,41,42,92.509048,1.02439
2017-09,market_place,1147.21,11,11,104.291818,1.0
2017-09,musical_instruments,8507.4,22,26,327.207692,1.181818
2017-09,office_furniture,9118.67,36,60,151.977833,1.666667
2017-09,party_supplies,269.8,1,2,134.9,2.0
2017-09,perfumery,14051.3,135,153,91.838562,1.133333
2017-09,pet_shop,8534.92,62,71,120.210141,1.145161
2017-09,security_and_services,100.0,1,1,100.0,1.0
2017-09,signaling_and_security,438.4,5,9,48.711111,1.8
2017-09,small_appliances,10030.74,29,30,334.358,1.034483
2017-09,small_appliances_home_oven_and_coffee,640.99,1,1,640.99,1.0
2017-09,sports_leisure,48972.11,408,453,108.106203,1.110294
2017-09,stationery,5851.52,69,75,78.020267,1.086957
2017-09,tablets_printing_image,233.9,3,3,77.966667,1.0
2017-09,telephony,18278.37,160,173,105.655318,1.08125
2017-09,toys,29606.83,265,289,102.445779,1.090566
2017-09,unknown,5774.15,61,73,79.097945,1.196721
2017-09,watches_gifts,44748.96,251,264,169.503636,1.051793
2017-10,agro_industry_and_commerce,3350.28,5,5,670.056,1.0
2017-10,air_conditioning,2562.42,9,12,213.535,1.333333
2017-10,art,349.05,3,3,116.35,1.0
2017-10,audio,2328.58,31,31,75.115484,1.0
2017-10,auto,21419.39,130,148,144.725608,1.138462
2017-10,baby,16497.5,134,138,119.547101,1.029851
2017-10,bed_bath_table,46007.7,442,542,84.885055,1.226244
2017-10,books_general_interest,734.5,8,11,66.772727,1.375
2017-10,books_technical,880.0,6,6,146.666667,1.0
2017-10,cds_dvds_musicals,45.0,1,1,45.0,1.0
2017-10,christmas_supplies,388.05,7,12,32.3375,1.714286
2017-10,cine_photo,69.0,1,1,69.0,1.0
2017-10,computers,40393.92,26,27,1496.071111,1.038462
2017-10,computers_accessories,42009.38,253,309,135.952686,1.221344
2017-10,consoles_games,10380.72,99,105,98.864,1.060606
2017-10,construction_tools_construction,2576.18,15,19,135.588421,1.266667
2017-10,construction_tools_lights,500.0,2,2,250.0,1.0
2017-10,construction_tools_safety,1668.85,9,12,139.070833,1.333333
2017-10,cool_stuff,44348.23,242,254,174.599331,1.049587
2017-10,costruction_tools_garden,746.9,8,9,82.988889,1.125
2017-10,costruction_tools_tools,1018.6,5,5,203.72,1.0
2017-10,drinks,596.98,10,12,49.748333,1.2
2017-10,dvds_blu_ray,174.6,4,4,43.65,1.0
2017-10,electronics,3376.35,55,62,54.457258,1.127273
2017-10,fashion_bags_accessories,7584.66,93,108,70.228333,1.16129
2017-10,fashion_childrens_clothes,39.99,1,1,39.99,1.0
2017-10,fashion_male_clothing,971.9,8,10,97.19,1.25
2017-10,fashion_shoes,1860.92,16,18,103.384444,1.125
2017-10,fashion_sport,59.9,1,1,59.9,1.0
2017-10,fashion_underwear_beach,187.8,3,3,62.6,1.0
2017-10,fixed_telephony,3751.88,6,7,535.982857,1.166667
2017-10,food,806.06,12,17,47.415294,1.416667
2017-10,food_drink,2297.23,15,17,135.131176,1.133333
2017-10,furniture_bedroom,943.9,3,3,314.633333,1.0
2017-10,furniture_decor,30009.74,266,375,80.025973,1.409774
2017-10,furniture_living_room,1532.79,13,19,80.673158,1.461538
2017-10,garden_tools,25798.75,213,280,92.138393,1.314554
2017-10,health_beauty,40698.99,322,350,116.282829,1.086957
2017-10,home_appliances,1837.68,7,7,262.525714,1.0
2017-10,home_appliances_2,2104.27,9,9,233.807778,1.0
2017-10,home_comfort_2,64.5,3,5,12.9,1.666667
2017-10,home_confort,3619.8,26,27,134.066667,1.038462
2017-10,home_construction,4201.17,15,18,233.398333,1.2
2017-10,housewares,15883.68,188,229,69.361048,1.218085
2017-10,industry_commerce_and_business,2256.69,5,5,451.338,1.0
2017-10,kitchen_dining_laundry_garden_furniture,3428.6,14,16,214.2875,1.142857
2017-10,la_cuisine,137.0,1,1,137.0,1.0
2017-10,luggage_accessories,6240.34,52,56,111.434643,1.076923
2017-10,market_place,1019.54,10,11,92.685455,1.1
2017-10,music,54.9,1,1,54.9,1.0
2017-10,musical_instruments,6329.26,19,19,333.118947,1.0
2017-10,office_furniture,17890.83,69,102,175.400294,1.478261
2017-10,party_supplies,137.8,2,2,68.9,1.0
2017-10,perfumery,16877.82,175,187,90.255722,1.068571
2017-10,pet_shop,8243.58,64,76,108.468158,1.1875
2017-10,signaling_and_security,744.0,7,10,74.4,1.428571
2017-10,small_appliances,6464.85,30,32,202.026562,1.066667
2017-10,sports_leisure,48568.98,417,462,105.127662,1.107914
2017-10,stationery,7697.17,89,96,80.178854,1.078652
2017-10,tablets_printing_image,99.0,1,1,99.0,1.0
2017-10,telephony,20859.18,220,244,85.488443,1.109091
2017-10,toys,33324.42,272,283,117.754134,1.040441
2017-10,unknown,16321.27,58,68,240.018676,1.172414
2017-10,watches_gifts,64874.63,282,308,210.631916,1.092199
2017-11,agro_industry_and_commerce,13932.49,13,19,733.288947,1.461538
2017-11,air_conditioning,4076.62,16,19,214.558947,1.1875
2017-11,art,75.0,1,1,75.0,1.0
2017-11,audio,3677.23,33,36,102.145278,1.090909
2017-11,auto,34736.49,242,260,133.601885,1.07438
2017-11,baby,21048.19,184,197,106.843604,1.070652
2017-11,bed_bath_table,87957.63,804,961,91.52719,1.195274
2017-11,books_general_interest,2630.97,37,37,71.107297,1.0
2017-11,books_imported,247.0,2,3,82.333333,1.5
2017-11,books_technical,768.9,5,6,128.15,1.2
2017-11,cds_dvds_musicals,195.0,3,3,65.0,1.0
2017-11,christmas_supplies,1312.6,18,22,59.663636,1.222222
2017-11,cine_photo,242.0,1,1,242.0,1.0
2017-11,computers,9768.0,7,7,1395.428571,1.0
2017-11,computers_accessories,69676.32,431,512,136.086562,1.187935
2017-11,consoles_games,11772.28,123,128,91.970938,1.04065
2017-11,construction_tools_construction,6993.56,36,47,148.799149,1.305556
2017-11,construction_tools_lights,2199.48,9,10,219.948,1.111111
2017-11,construction_tools_safety,3280.69,12,14,234.335,1.166667
2017-11,cool_stuff,55696.66,286,297,187.530842,1.038462
2017-11,costruction_tools_garden,1218.5,14,17,71.676471,1.214286
2017-11,costruction_tools_tools,269.5,4,5,53.9,1.25
2017-11,drinks,674.12,14,18,37.451111,1.285714
2017-11,dvds_blu_ray,79.79,3,3,26.596667,1.0
2017-11,electronics,9992.99,163,182,54.906538,1.116564
2017-11,fashio_female_clothing,59.98,2,2,29.99,1.0
2017-11,fashion_bags_accessories,12849.33,178,193,66.576839,1.08427
2017-11,fashion_male_clothing,880.99,10,11,80.09,1.1
2017-11,fashion_shoes,1707.8,17,19,89.884211,1.117647
2017-11,fashion_sport,59.9,1,1,59.9,1.0
2017-11,fashion_underwear_beach,1221.6,10,10,122.16,1.0
2017-11,fixed_telephony,943.98,5,5,188.796,1.0
2017-11,flowers,187.8,6,6,31.3,1.0
2017-11,food,498.09,10,14,35.577857,1.4
2017-11,food_drink,2445.57,28,33,74.108182,1.178571
2017-11,furniture_bedroom,873.0,3,3,291.0,1.0
2017-11,furniture_decor,62091.27,536,767,80.953416,1.43097
2017-11,furniture_living_room,6212.95,29,39,159.30641,1.344828
2017-11,furniture_mattress_and_upholstery,334.0,2,2,167.0,1.0
2017-11,garden_tools,44275.18,430,547,80.941828,1.272093
2017-11,health_beauty,78274.4,519,573,136.604538,1.104046
2017-11,home_appliances,4515.94,25,25,180.6376,1.0
2017-11,home_appliances_2,4854.93,13,13,373.456154,1.0
2017-11,home_comfort_2,38.7,3,3,12.9,1.0
2017-11,home_confort,5355.39,40,45,119.008667,1.125
2017-11,home_construction,4936.72,33,38,129.913684,1.151515
2017-11,housewares,33872.42,345,412,82.214612,1.194203
2017-11,industry_commerce_and_business,1994.87,6,6,332.478333,1.0
2017-11,kitchen_dining_laundry_garden_furniture,5007.39,28,33,151.739091,1.178571
2017-11,la_cuisine,137.0,1,1,137.0,1.0
2017-11,luggage_accessories,8301.15,63,70,118.587857,1.111111
2017-11,market_place,1355.98,11,16,84.74875,1.454545
2017-11,musical_instruments,15776.89,41,42,375.640238,1.02439
2017-11,office_furniture,17919.2,75,101,177.417822,1.346667
2017-11,party_supplies,850.7,3,3,283.566667,1.0
2017-11,perfumery,31612.13,287,304,103.98727,1.059233
2017-11,pet_shop,11167.79,82,97,115.131856,1.182927
2017-11,signaling_and_security,596.79,3,5,119.358,1.666667
2017-11,small_appliances,6782.92,27,28,242.247143,1.037037
2017-11,sports_leisure,62686.24,542,597,105.002077,1.101476
2017-11,stationery,16406.19,149,163,100.651472,1.09396
2017-11,tablets_printing_image,350.4,6,6,58.4,1.0
2017-11,telephony,26117.63,343,371,70.397925,1.081633
2017-11,toys,62611.26,443,485,129.095381,1.094808
2017-11,unknown,13786.55,111,118,116.835169,1.063063
2017-11,watches_gifts,95292.34,424,463,205.814989,1.091981
2017-12,agro_industry_and_commerce,5291.7,9,11,481.063636,1.222222
2017-12,air_conditioning,668.8,3,3,222.933333,1.0
2017-12,art,115.25,3,3,38.416667,1.0
2017-12,audio,2686.93,17,17,158.054706,1.0
2017-12,auto,39019.96,238,263,148.364867,1.105042
2017-12,baby,19658.48,135,139,141.427914,1.02963
2017-12,bed_bath_table,50081.16,476,546,91.723736,1.147059
2017-12,books_general_interest,2352.2,37,41,57.370732,1.108108
2017-12,books_imported,231.0,3,3,77.0,1.0
2017-12,books_technical,670.69,4,4,167.6725,1.0
2017-12,cds_dvds_musicals,65.0,1,1,65.0,1.0
2017-12,christmas_supplies,493.9,14,16,30.86875,1.142857
2017-12,computers,16741.0,19,23,727.869565,1.210526
2017-12,computers_accessories,37428.67,249,284,131.791092,1.140562
2017-12,consoles_games,8885.01,87,92,96.576196,1.057471
2017-12,construction_tools_construction,5830.35,22,27,215.938889,1.227273
2017-12,construction_tools_lights,176.0,2,2,88.0,1.0
2017-12,construction_tools_safety,1384.92,7,7,197.845714,1.0
2017-12,cool_stuff,37515.57,231,248,151.27246,1.073593
2017-12,costruction_tools_garden,928.9,6,6,154.816667,1.0
2017-12,costruction_tools_tools,349.4,6,6,58.233333,1.0
2017-12,diapers_and_hygiene,76.0,1,2,38.0,2.0
2017-12,drinks,2132.84,31,34,62.730588,1.096774
2017-12,dvds_blu_ray,119.9,1,1,119.9,1.0
2017-12,electronics,8518.61,189,209,40.7589,1.10582
2017-12,fashion_bags_accessories,9999.76,123,134,74.625075,1.089431
2017-12,fashion_male_clothing,450.89,4,4,112.7225,1.0
2017-12,fashion_shoes,1099.0,12,13,84.538462,1.083333
2017-12,fashion_sport,59.9,1,1,59.9,1.0
2017-12,fashion_underwear_beach,1173.1,13,13,90.238462,1.0
2017-12,fixed_telephony,998.77,5,5,199.754,1.0
2017-12,flowers,82.7,2,2,41.35,1.0
2017-12,food,939.34,11,13,72.256923,1.181818
2017-12,food_drink,1033.68,18,21,49.222857,1.166667
2017-12,furniture_bedroom,185.0,1,1,185.0,1.0
2017-12,furniture_decor,31073.09,304,378,82.203942,1.243421
2017-12,furniture_living_room,2316.01,16,20,115.8005,1.25
2017-12,furniture_mattress_and_upholstery,803.7,8,8,100.4625,1.0
2017-12,garden_tools,26795.69,243,323,82.958793,1.329218
2017-12,health_beauty,60688.75,426,460,131.932065,1.079812
2017-12,home_appliances,1331.0,16,16,83.1875,1.0
2017-12,home_appliances_2,1990.16,8,8,248.77,1.0
2017-12,home_confort,2257.8,14,14,161.271429,1.0
2017-12,home_construction,6525.3,29,38,171.718421,1.310345
2017-12,housewares,25285.96,243,288,87.798472,1.185185
2017-12,industry_commerce_and_business,1828.5,9,9,203.166667,1.0
2017-12,kitchen_dining_laundry_garden_furniture,4277.3,16,20,213.865,1.25
2017-12,luggage_accessories,5969.21,44,46,129.765435,1.045455
2017-12,market_place,703.25,13,14,50.232143,1.076923
2017-12,musical_instruments,10823.5,41,42,257.702381,1.02439
2017-12,office_furniture,6684.37,38,48,139.257708,1.263158
2017-12,party_supplies,515.2,2,2,257.6,1.0
2017-12,perfumery,26448.94,225,233,113.514764,1.035556
2017-12,pet_shop,7126.74,69,72,98.9825,1.043478
2017-12,signaling_and_security,770.0,2,2,385.0,1.0
2017-12,small_appliances,7539.77,26,27,279.250741,1.038462
2017-12,sports_leisure,58722.48,431,484,121.327438,1.12297
2017-12,stationery,24793.1,229,248,99.972177,1.082969
2017-12,tablets_printing_image,419.4,6,6,69.9,1.0
2017-12,telephony,12780.44,237,260,49.155538,1.097046
2017-12,toys,55064.56,413,436,126.294862,1.05569
2017-12,unknown,15497.67,132,137,113.121679,1.037879
2017-12,watches_gifts,69556.92,333,353,197.045099,1.06006
2018-01,agro_industry_and_commerce,5853.44,15,18,325.191111,1.2
2018-01,air_conditioning,4674.74,22,29,161.197931,1.318182
2018-01,art,2540.77,19,19,133.724737,1.0
2018-01,audio,3820.28,25,26,146.933846,1.04
2018-01,auto,35855.02,243,267,134.288464,1.098765
2018-01,baby,29833.88,209,219,136.227763,1.047847
2018-01,bed_bath_table,75408.13,689,836,90.201112,1.213353
2018-01,books_general_interest,2160.2,40,44,49.095455,1.1
2018-01,books_imported,583.0,6,6,97.166667,1.0
2018-01,books_technical,1176.55,16,17,69.208824,1.0625
2018-01,christmas_supplies,851.5,9,10,85.15,1.111111
2018-01,cine_photo,199.98,2,2,99.99,1.0
2018-01,computers,6851.0,11,11,622.818182,1.0
2018-01,computers_accessories,80503.87,574,688,117.011439,1.198606
2018-01,consoles_games,7313.28,50,51,143.397647,1.02
2018-01,construction_tools_construction,9664.18,40,48,201.337083,1.2
2018-01,construction_tools_lights,2392.99,6,7,341.855714,1.166667
2018-01,construction_tools_safety,2228.89,9,11,202.626364,1.222222
2018-01,cool_stuff,38942.41,285,296,131.562196,1.038596
2018-01,costruction_tools_garden,3927.98,21,24,163.665833,1.142857
2018-01,costruction_tools_tools,532.3,8,8,66.5375,1.0
2018-01,diapers_and_hygiene,125.0,1,5,25.0,5.0
2018-01,drinks,2227.61,39,50,44.5522,1.282051
2018-01,dvds_blu_ray,49.8,2,2,24.9,1.0
2018-01,electronics,15884.28,319,348,45.644483,1.090909
2018-01,fashio_female_clothing,161.79,3,3,53.93,1.0
2018-01,fashion_bags_accessories,7931.72,116,125,63.45376,1.077586
2018-01,fashion_male_clothing,550.6,5,6,91.766667,1.2
2018-01,fashion_shoes,666.7,7,9,74.077778,1.285714
2018-01,fashion_sport,119.8,2,2,59.9,1.0
2018-01,fashion_underwear_beach,754.5,8,8,94.3125,1.0
2018-01,fixed_telephony,2444.1,10,10,244.41,1.0
2018-01,flowers,284.6,7,10,28.46,1.428571
2018-01,food,829.56,18,19,43.661053,1.055556
2018-01,food_drink,341.17,10,11,31.015455,1.1
2018-01,furniture_bedroom,914.8,5,5,182.96,1.0
2018-01,furniture_decor,53798.81,467,595,90.418168,1.27409
2018-01,furniture_living_room,2308.1,22,22,104.913636,1.0
2018-01,furniture_mattress_and_upholstery,860.5,9,9,95.611111,1.0
2018-01,garden_tools,26793.06,202,236,113.529915,1.168317
2018-01,health_beauty,71405.6,563,619,115.356381,1.099467
2018-01,home_appliances,1725.15,26,27,63.894444,1.038462
2018-01,home_appliances_2,8630.1,12,13,663.853846,1.083333
2018-01,home_confort,3020.16,18,18,167.786667,1.0
2018-01,home_construction,5747.78,27,40,143.6945,1.481481
2018-01,housewares,37446.74,317,351,106.685869,1.107256
2018-01,industry_commerce_and_business,2681.1,15,18,148.95,1.2
2018-01,kitchen_dining_laundry_garden_furniture,4838.5,20,21,230.404762,1.05
2018-01,la_cuisine,112.0,1,1,112.0,1.0
2018-01,luggage_accessories,18546.32,121,126,147.193016,1.041322
2018-01,market_place,818.72,12,14,58.48,1.166667
2018-01,music,24.97,1,1,24.97,1.0
2018-01,musical_instruments,15178.58,49,51,297.619216,1.040816
2018-01,office_furniture,19485.42,104,142,137.221268,1.365385
2018-01,party_supplies,135.8,2,2,67.9,1.0
2018-01,perfumery,19555.37,207,223,87.692242,1.077295
2018-01,pet_shop,10796.06,76,89,121.304045,1.171053
2018-01,signaling_and_security,1048.79,7,8,131.09875,1.142857
2018-01,small_appliances,14261.81,50,53,269.090755,1.06
2018-01,small_appliances_home_oven_and_coffee,369.99,1,1,369.99,1.0
2018-01,sports_leisure,86172.83,575,642,134.225592,1.116522
2018-01,stationery,39522.72,368,385,102.656416,1.046196
2018-01,tablets_printing_image,161.8,3,3,53.933333,1.0
2018-01,telephony,14700.08,343,368,39.94587,1.072886
2018-01,toys,21382.85,154,161,132.812733,1.045455
2018-01,unknown,20993.63,171,193,108.775285,1.128655
2018-01,watches_gifts,73521.24,322,355,207.102085,1.102484
2018-02,agro_industry_and_commerce,7385.3,20,26,284.05,1.3
2018-02,air_conditioning,2626.89,11,12,218.9075,1.090909
2018-02,art,1216.71,11,12,101.3925,1.090909
2018-02,audio,2828.49,15,15,188.566,1.0
2018-02,auto,41048.51,299,315,130.31273,1.053512
2018-02,baby,25857.28,165,172,150.333023,1.042424
2018-02,bed_bath_table,60366.29,588,685,88.125971,1.164966
2018-02,books_general_interest,1886.65,28,28,67.380357,1.0
2018-02,books_imported,325.0,3,3,108.333333,1.0
2018-02,books_technical,1411.21,23,26,54.277308,1.130435
2018-02,christmas_supplies,2059.65,17,24,85.81875,1.411765
2018-02,cine_photo,227.99,2,2,113.995,1.0
2018-02,computers_accessories,100131.99,791,971,103.122544,1.22756
2018-02,consoles_games,11763.83,50,51,230.663333,1.02
2018-02,construction_tools_construction,8991.07,53,68,132.221618,1.283019
2018-02,construction_tools_lights,1610.8,9,17,94.752941,1.888889
2018-02,construction_tools_safety,5965.75,7,8,745.71875,1.142857
2018-02,cool_stuff,29772.25,176,180,165.401389,1.022727
2018-02,costruction_tools_garden,1538.25,14,20,76.9125,1.428571
2018-02,costruction_tools_tools,1318.2,11,12,109.85,1.090909
2018-02,diapers_and_hygiene,100.0,1,4,25.0,4.0
2018-02,drinks,1919.95,26,31,61.933871,1.192308
2018-02,dvds_blu_ray,24.9,1,1,24.9,1.0
2018-02,electronics,14764.7,300,331,44.606344,1.103333
2018-02,fashio_female_clothing,29.99,1,1,29.99,1.0
2018-02,fashion_bags_accessories,9786.63,102,107,91.463832,1.04902
2018-02,fashion_male_clothing,388.09,3,3,129.363333,1.0
2018-02,fashion_shoes,1033.7,10,11,93.972727,1.1
2018-02,fashion_underwear_beach,399.3,7,7,57.042857,1.0
2018-02,fixed_telephony,4738.68,9,11,430.789091,1.222222
2018-02,flowers,134.48,4,4,33.62,1.0
2018-02,food,1783.52,30,38,46.934737,1.266667
2018-02,food_drink,1018.3,20,23,44.273913,1.15
2018-02,furniture_bedroom,895.8,6,7,127.971429,1.166667
2018-02,furniture_decor,38002.36,336,422,90.052986,1.255952
2018-02,furniture_living_room,4402.78,19,26,169.337692,1.368421
2018-02,furniture_mattress_and_upholstery,344.7,5,5,68.94,1.0
2018-02,garden_tools,26489.13,229,293,90.406587,1.279476
2018-02,health_beauty,84576.55,595,650,130.117769,1.092437
2018-02,home_appliances,5542.45,47,48,115.467708,1.021277
2018-02,home_appliances_2,8998.83,21,21,428.515714,1.0
2018-02,home_comfort_2,38.7,2,3,12.9,1.5
2018-02,home_confort,3012.76,20,21,143.464762,1.05
2018-02,home_construction,5225.9,31,38,137.523684,1.225806
2018-02,housewares,34877.47,334,391,89.200691,1.170659
2018-02,industry_commerce_and_business,4735.59,29,37,127.988919,1.275862
2018-02,kitchen_dining_laundry_garden_furniture,4621.16,16,19,243.218947,1.1875
2018-02,luggage_accessories,6423.55,43,45,142.745556,1.046512
2018-02,market_place,1920.92,20,28,68.604286,1.4
2018-02,music,244.97,2,2,122.485,1.0
2018-02,musical_instruments,9015.73,39,44,204.902955,1.128205
2018-02,office_furniture,17287.89,70,107,161.569065,1.528571
2018-02,perfumery,20372.0,194,211,96.549763,1.087629
2018-02,pet_shop,9218.24,86,99,93.113535,1.151163
2018-02,signaling_and_security,715.79,10,15,47.719333,1.5
2018-02,small_appliances,5245.16,30,32,163.91125,1.066667
2018-02,small_appliances_home_oven_and_coffee,3024.9,5,5,604.98,1.0
2018-02,sports_leisure,74540.95,571,637,117.01876,1.115587
2018-02,stationery,10090.53,131,145,69.589862,1.10687
2018-02,tablets_printing_image,694.97,12,13,53.459231,1.083333
2018-02,telephony,13672.38,328,354,38.622542,1.079268
2018-02,toys,14203.35,130,139,102.182374,1.069231
2018-02,unknown,12821.96,108,118,108.660678,1.092593
2018-02,watches_gifts,60725.31,304,324,187.423796,1.065789
2018-03,agro_industry_and_commerce,5161.0,24,26,198.5,1.083333
2018-03,air_conditioning,2507.68,23,24,104.486667,1.043478
2018-03,art,461.5,7,7,65.928571,1.0
2018-03,audio,10606.69,33,34,311.961471,1.030303
2018-03,auto,44081.96,317,336,131.19631,1.059937
2018-03,baby,40818.75,208,215,189.854651,1.033654
2018-03,bed_bath_table,67786.35,652,777,87.24112,1.191718
2018-03,books_general_interest,1691.94,33,38,44.524737,1.151515
2018-03,books_imported,259.0,2,3,86.333333,1.5
2018-03,books_technical,913.47,17,17,53.733529,1.0
2018-03,christmas_supplies,854.95,12,12,71.245833,1.0
2018-03,cine_photo,711.79,6,7,101.684286,1.166667
2018-03,computers_accessories,84708.39,630,750,112.94452,1.190476
2018-03,consoles_games,11826.22,53,57,207.477544,1.075472
2018-03,construction_tools_construction,9446.58,48,66,143.13,1.375
2018-03,construction_tools_lights,2536.7,12,13,195.130769,1.083333
2018-03,construction_tools_safety,5374.87,13,22,244.312273,1.692308
2018-03,cool_stuff,37791.24,239,253,149.37249,1.058577
2018-03,costruction_tools_garden,2087.23,19,22,94.874091,1.157895
2018-03,costruction_tools_tools,931.3,8,9,103.477778,1.125
2018-03,diapers_and_hygiene,125.0,1,5,25.0,5.0
2018-03,drinks,962.7,20,21,45.842857,1.05
2018-03,dvds_blu_ray,49.8,2,2,24.9,1.0
2018-03,electronics,12394.51,237,254,48.797283,1.07173
2018-03,fashio_female_clothing,119.96,1,4,29.99,4.0
2018-03,fashion_bags_accessories,10096.51,129,137,73.697153,1.062016
2018-03,fashion_childrens_clothes,79.98,2,2,39.99,1.0
2018-03,fashion_shoes,1053.1,11,11,95.736364,1.0
2018-03,fashion_sport,89.9,1,1,89.9,1.0
2018-03,fashion_underwear_beach,289.4,5,5,57.88,1.0
2018-03,fixed_telephony,1930.59,12,14,137.899286,1.166667
2018-03,flowers,89.67,3,3,29.89,1.0
2018-03,food,1559.9,33,35,44.568571,1.060606
2018-03,food_drink,2350.77,17,19,123.724737,1.117647
2018-03,furniture_bedroom,1071.8,6,6,178.633333,1.0
2018-03,furniture_decor,51319.97,430,583,88.027393,1.355814
2018-03,furniture_living_room,3521.87,19,19,185.361579,1.0
2018-03,furniture_mattress_and_upholstery,440.0,4,4,110.0,1.0
2018-03,garden_tools,26773.88,199,253,105.825613,1.271357
2018-03,health_beauty,84488.57,605,656,128.793552,1.084298
2018-03,home_appliances,9876.59,70,70,141.094143,1.0
2018-03,home_appliances_2,5648.2,12,12,470.683333,1.0
2018-03,home_comfort_2,34.99,1,1,34.99,1.0
2018-03,home_confort,2522.38,21,21,120.113333,1.0
2018-03,home_construction,5250.51,33,43,122.104884,1.30303
2018-03,housewares,35052.12,322,390,89.877231,1.21118
2018-03,industry_commerce_and_business,2922.45,26,29,100.774138,1.115385
2018-03,kitchen_dining_laundry_garden_furniture,2842.66,12,12,236.888333,1.0
2018-03,la_cuisine,389.0,1,1,389.0,1.0
2018-03,luggage_accessories,5851.77,51,56,104.495893,1.098039
2018-03,market_place,1548.74,16,17,91.102353,1.0625
2018-03,music,323.97,2,2,161.985,1.0
2018-03,musical_instruments,8931.4,49,53,168.516981,1.081633
2018-03,office_furniture,30861.64,149,200,154.3082,1.342282
2018-03,party_supplies,913.9,5,6,152.316667,1.2
2018-03,perfumery,20081.88,182,198,101.423636,1.087912
2018-03,pet_shop,13400.21,108,122,109.837787,1.12963
2018-03,signaling_and_security,921.9,7,9,102.433333,1.285714
2018-03,small_appliances,13952.18,34,35,398.633714,1.029412
2018-03,small_appliances_home_oven_and_coffee,7890.9,7,7,1127.271429,1.0
2018-03,sports_leisure,81656.96,645,732,111.553224,1.134884
2018-03,stationery,12993.74,145,163,79.716196,1.124138
2018-03,tablets_printing_image,259.29,2,3,86.43,1.5
2018-03,telephony,24759.43,320,334,74.13003,1.04375
2018-03,toys,22817.55,215,225,101.411333,1.046512
2018-03,unknown,16625.22,125,133,125.001654,1.064
2018-03,watches_gifts,95661.18,407,421,227.223705,1.034398
2018-04,agro_industry_and_commerce,4500.7,12,12,375.058333,1.0
2018-04,air_conditioning,3261.79,22,23,141.816957,1.045455
2018-04,art,2140.28,26,26,82.318462,1.0
2018-04,arts_and_craftmanship,15.99,1,1,15.99,1.0
2018-04,audio,7045.07,30,31,227.260323,1.033333
2018-04,auto,47989.41,328,348,137.900603,1.060976
2018-04,baby,47201.22,215,237,199.161266,1.102326
2018-04,bed_bath_table,71379.61,600,736,96.983166,1.226667
2018-04,books_general_interest,6274.51,42,49,128.051224,1.166667
2018-04,books_imported,317.99,4,4,79.4975,1.0
2018-04,books_technical,1172.1,23,23,50.96087,1.0
2018-04,cds_dvds_musicals,65.0,1,1,65.0,1.0
2018-04,christmas_supplies,275.15,9,12,22.929167,1.333333
2018-04,cine_photo,521.74,5,5,104.348,1.0
2018-04,computers,13774.92,13,15,918.328,1.153846
2018-04,computers_accessories,57370.9,465,526,109.070152,1.131183
2018-04,consoles_games,5511.05,37,40,137.77625,1.081081
2018-04,construction_tools_construction,12933.83,76,90,143.709222,1.184211
2018-04,construction_tools_lights,4962.67,37,47,105.588723,1.27027
2018-04,construction_tools_safety,2887.26,23,24,120.3025,1.043478
2018-04,cool_stuff,35025.41,194,206,170.026262,1.061856
2018-04,costruction_tools_garden,1326.79,12,18,73.710556,1.5
2018-04,costruction_tools_tools,1332.99,16,17,78.411176,1.0625
2018-04,diapers_and_hygiene,149.0,4,4,37.25,1.0
2018-04,drinks,5016.44,29,54,92.897037,1.862069
2018-04,dvds_blu_ray,92.5,4,5,18.5,1.25
2018-04,electronics,10840.23,201,212,51.13316,1.054726
2018-04,fashio_female_clothing,174.95,1,5,34.99,5.0
2018-04,fashion_bags_accessories,8218.85,92,102,80.576961,1.108696
2018-04,fashion_male_clothing,195.0,1,1,195.0,1.0
2018-04,fashion_shoes,1438.7,11,11,130.790909,1.0
2018-04,fashion_sport,89.9,1,1,89.9,1.0
2018-04,fashion_underwear_beach,359.4,6,6,59.9,1.0
2018-04,fixed_telephony,1921.94,10,11,174.721818,1.1
2018-04,flowers,158.4,3,3,52.8,1.0
2018-04,food,1665.43,36,40,41.63575,1.111111
2018-04,food_drink,605.07,16,18,33.615,1.125
2018-04,furniture_bedroom,1301.9,6,7,185.985714,1.166667
2018-04,furniture_decor,56217.62,458,586,95.934505,1.279476
2018-04,furniture_living_room,5041.83,24,33,152.782727,1.375
2018-04,garden_tools,34526.04,232,282,122.432766,1.215517
2018-04,health_beauty,91058.45,619,685,132.932044,1.106624
2018-04,home_appliances,15019.63,104,104,144.419519,1.0
2018-04,home_appliances_2,20741.69,23,23,901.812609,1.0
2018-04,home_comfort_2,12.9,1,1,12.9,1.0
2018-04,home_confort,1939.4,15,18,107.744444,1.2
2018-04,home_construction,9204.65,58,75,122.728667,1.293103
2018-04,housewares,44363.29,411,462,96.024437,1.124088
2018-04,industry_commerce_and_business,5690.61,48,53,107.37,1.104167
2018-04,kitchen_dining_laundry_garden_furniture,3110.57,18,19,163.714211,1.055556
2018-04,la_cuisine,280.0,1,2,140.0,2.0
2018-04,luggage_accessories,8680.48,53,57,152.289123,1.075472
2018-04,market_place,627.23,15,15,41.815333,1.0
2018-04,music,1696.86,5,5,339.372,1.0
2018-04,musical_instruments,19375.31,57,60,322.921833,1.052632
2018-04,office_furniture,19997.8,86,131,152.654962,1.523256
2018-04,party_supplies,43.8,1,2,21.9,2.0
2018-04,perfumery,17430.41,159,174,100.17477,1.09434
2018-04,pet_shop,18282.97,150,166,110.138373,1.106667
2018-04,signaling_and_security,2222.3,22,36,61.730556,1.636364
2018-04,small_appliances,12071.76,60,66,182.905455,1.1
2018-04,small_appliances_home_oven_and_coffee,13211.99,13,13,1016.306923,1.0
2018-04,sports_leisure,65793.52,520,586,112.275631,1.126923
2018-04,stationery,11263.45,128,152,74.101645,1.1875
2018-04,tablets_printing_image,52.0,1,1,52.0,1.0
2018-04,telephony,16312.06,245,279,58.466165,1.138776
2018-04,toys,23140.41,193,202,114.556485,1.046632
2018-04,unknown,7987.9,72,74,107.944595,1.027778
2018-04,watches_gifts,88623.07,462,494,179.398927,1.069264
2018-05,agro_industry_and_commerce,3279.75,8,8,409.96875,1.0
2018-05,air_conditioning,1851.3,13,14,132.235714,1.076923
2018-05,art,2491.97,33,34,73.293235,1.030303
2018-05,arts_and_craftmanship,89.8,1,1,89.8,1.0
2018-05,audio,2697.68,20,21,128.460952,1.05
2018-05,auto,40851.44,295,308,132.634545,1.044068
2018-05,baby,33253.65,218,239,139.136611,1.09633
2018-05,bed_bath_table,71265.07,600,740,96.304149,1.233333
2018-05,books_general_interest,5925.13,48,50,118.5026,1.041667
2018-05,books_imported,410.92,9,10,41.092,1.111111
2018-05,books_technical,3040.53,54,55,55.282364,1.018519
2018-05,christmas_supplies,524.53,6,6,87.421667,1.0
2018-05,cine_photo,2108.29,16,17,124.017059,1.0625
2018-05,computers,8699.92,6,13,669.224615,2.166667
2018-05,computers_accessories,50631.83,399,453,111.770044,1.135338
2018-05,consoles_games,5279.27,38,52,101.524423,1.368421
2018-05,construction_tools_construction,20748.6,89,125,165.9888,1.404494
2018-05,construction_tools_lights,4354.81,30,38,114.600263,1.266667
2018-05,construction_tools_safety,6045.01,21,22,274.773182,1.047619
2018-05,cool_stuff,29949.12,168,175,171.137829,1.041667
2018-05,costruction_tools_garden,1073.28,13,16,67.08,1.230769
2018-05,costruction_tools_tools,417.9,5,5,83.58,1.0
2018-05,diapers_and_hygiene,117.0,3,3,39.0,1.0
2018-05,drinks,2505.99,33,47,53.318936,1.424242
2018-05,dvds_blu_ray,439.94,6,7,62.848571,1.166667
2018-05,electronics,16176.79,219,231,70.029394,1.054795
2018-05,fashion_bags_accessories,11490.17,104,110,104.456091,1.057692
2018-05,fashion_male_clothing,129.99,1,1,129.99,1.0
2018-05,fashion_shoes,1582.7,10,10,158.27,1.0
2018-05,fashion_underwear_beach,207.4,5,6,34.566667,1.2
2018-05,fixed_telephony,1846.2,11,16,115.3875,1.454545
2018-05,flowers,16.4,1,1,16.4,1.0
2018-05,food,1542.93,36,44,35.066591,1.222222
2018-05,food_drink,1239.44,15,25,49.5776,1.666667
2018-05,furniture_bedroom,1484.98,5,6,247.496667,1.2
2018-05,furniture_decor,53706.45,456,597,89.960553,1.309211
2018-05,furniture_living_room,2721.08,13,16,170.0675,1.230769
2018-05,garden_tools,37700.79,227,288,130.905521,1.268722
2018-05,health_beauty,94534.38,669,751,125.878003,1.122571
2018-05,home_appliances,6149.67,63,64,96.088594,1.015873
2018-05,home_appliances_2,14441.24,23,23,627.88,1.0
2018-05,home_confort,2708.7,18,21,128.985714,1.166667
2018-05,home_construction,10155.28,63,79,128.547848,1.253968
2018-05,housewares,62824.57,492,618,101.65788,1.256098
2018-05,industry_commerce_and_business,3780.99,34,40,94.52475,1.176471
2018-05,kitchen_dining_laundry_garden_furniture,2310.09,10,13,177.699231,1.3
2018-05,luggage_accessories,6618.46,44,49,135.070612,1.113636
2018-05,market_place,957.45,13,14,68.389286,1.076923
2018-05,music,729.0,5,5,145.8,1.0
2018-05,musical_instruments,18757.07,59,61,307.492951,1.033898
2018-05,office_furniture,20835.87,82,104,200.344904,1.268293
2018-05,party_supplies,100.7,3,4,25.175,1.333333
2018-05,perfumery,24482.7,179,197,124.277665,1.100559
2018-05,pet_shop,11708.46,127,136,86.091618,1.070866
2018-05,signaling_and_security,683.5,6,7,97.642857,1.166667
2018-05,small_appliances,10620.99,39,48,221.270625,1.230769
2018-05,small_appliances_home_oven_and_coffee,10161.6,9,9,1129.066667,1.0
2018-05,sports_leisure,59209.92,449,489,121.083681,1.089087
2018-05,stationery,12923.39,124,130,99.410692,1.048387
2018-05,tablets_printing_image,49.9,1,1,49.9,1.0
2018-05,telephony,18944.28,237,250,75.77712,1.054852
2018-05,toys,31538.41,211,218,144.671606,1.033175
2018-05,unknown,5055.04,39,44,114.887273,1.128205
2018-05,watches_gifts,119364.98,585,625,190.983968,1.068376
2018-06,agro_industry_and_commerce,3515.8,10,10,351.58,1.0
2018-06,air_conditioning,3567.9,9,15,237.86,1.666667
2018-06,art,2500.14,28,28,89.290714,1.0
2018-06,audio,1830.69,19,20,91.5345,1.052632
2018-06,auto,44962.59,268,295,152.415559,1.100746
2018-06,baby,30550.32,205,223,136.996951,1.087805
2018-06,bed_bath_table,70857.08,649,764,92.744869,1.177196
2018-06,books_general_interest,3275.49,32,38,86.197105,1.1875
2018-06,books_imported,468.17,9,9,52.018889,1.0
2018-06,books_technical,1747.43,26,26,67.208846,1.0
2018-06,christmas_supplies,306.19,6,7,43.741429,1.166667
2018-06,cine_photo,435.85,9,13,33.526923,1.444444
2018-06,computers,13127.0,8,13,1009.769231,1.625
2018-06,computers_accessories,41806.37,352,401,104.255287,1.139205
2018-06,consoles_games,6903.01,41,43,160.535116,1.04878
2018-06,construction_tools_construction,22947.72,108,113,203.077168,1.046296
2018-06,construction_tools_lights,4583.41,35,44,104.168409,1.257143
2018-06,construction_tools_safety,2565.37,16,16,160.335625,1.0
2018-06,cool_stuff,19316.37,100,103,187.537573,1.03
2018-06,costruction_tools_garden,799.44,11,11,72.676364,1.0
2018-06,costruction_tools_tools,527.0,4,4,131.75,1.0
2018-06,diapers_and_hygiene,321.0,7,7,45.857143,1.0
2018-06,drinks,1567.07,30,33,47.48697,1.1
2018-06,dvds_blu_ray,382.88,5,6,63.813333,1.2
2018-06,electronics,9664.57,174,191,50.599843,1.097701
2018-06,fashion_bags_accessories,7869.95,82,87,90.459195,1.060976
2018-06,fashion_childrens_clothes,89.99,1,1,89.99,1.0
2018-06,fashion_male_clothing,447.8,6,7,63.971429,1.166667
2018-06,fashion_shoes,1230.58,10,10,123.058,1.0
2018-06,fashion_underwear_beach,129.3,3,7,18.471429,2.333333
2018-06,fixed_telephony,2080.32,15,17,122.371765,1.133333
2018-06,flowers,108.0,1,2,54.0,2.0
2018-06,food,1371.18,24,24,57.1325,1.0
2018-06,food_drink,293.85,9,11,26.713636,1.222222
2018-06,furniture_bedroom,1559.99,8,9,173.332222,1.125
2018-06,furniture_decor,42042.22,316,402,104.582637,1.272152
2018-06,furniture_living_room,3541.62,27,29,122.124828,1.074074
2018-06,garden_tools,17948.72,148,184,97.547391,1.243243
2018-06,health_beauty,106745.72,790,875,121.995109,1.107595
2018-06,home_appliances,5830.38,65,65,89.698154,1.0
2018-06,home_appliances_2,8312.72,18,19,437.511579,1.055556
2018-06,home_comfort_2,25.8,1,2,12.9,2.0
2018-06,home_confort,2386.49,16,16,149.155625,1.0
2018-06,home_construction,9094.59,60,71,128.092817,1.183333
2018-06,housewares,55912.61,464,577,96.90227,1.243534
2018-06,industry_commerce_and_business,2609.9,21,26,100.380769,1.238095
2018-06,kitchen_dining_laundry_garden_furniture,3538.43,21,29,122.014828,1.380952
2018-06,luggage_accessories,5070.88,36,36,140.857778,1.0
2018-06,market_place,556.46,7,7,79.494286,1.0
2018-06,music,109.08,3,3,36.36,1.0
2018-06,musical_instruments,16177.92,46,47,344.211064,1.021739
2018-06,office_furniture,12125.58,59,76,159.547105,1.288136
2018-06,party_supplies,84.8,2,2,42.4,1.0
2018-06,perfumery,26963.93,166,186,144.967366,1.120482
2018-06,pet_shop,19491.78,151,178,109.504382,1.178808
2018-06,signaling_and_security,5863.18,18,27,217.154815,1.5
2018-06,small_appliances,15431.63,43,49,314.931224,1.139535
2018-06,small_appliances_home_oven_and_coffee,3499.0,3,3,1166.333333,1.0
2018-06,sports_leisure,44916.01,371,419,107.198115,1.12938
2018-06,stationery,12859.08,145,167,77.000479,1.151724
2018-06,tablets_printing_image,50.0,1,1,50.0,1.0
2018-06,telephony,22669.86,202,216,104.953056,1.069307
2018-06,toys,21094.95,176,190,111.026053,1.079545
2018-06,unknown,2387.13,22,23,103.788261,1.045455
2018-06,watches_gifts,85027.57,444,477,178.254864,1.074324
2018-07,agro_industry_and_commerce,6669.82,26,27,247.03037,1.038462
2018-07,air_conditioning,2657.86,15,17,156.344706,1.133333
2018-07,art,1843.2,21,21,87.771429,1.0
2018-07,arts_and_craftmanship,654.57,10,11,59.506364,1.1
2018-07,audio,2062.64,21,22,93.756364,1.047619
2018-07,auto,43466.79,324,341,127.468592,1.052469
2018-07,baby,21834.12,206,214,102.028598,1.038835
2018-07,bed_bath_table,54405.23,511,617,88.177034,1.207436
2018-07,books_general_interest,4077.45,25,25,163.098,1.0
2018-07,books_imported,357.79,5,7,51.112857,1.4
2018-07,books_technical,1994.93,26,26,76.728077,1.0
2018-07,christmas_supplies,509.56,8,8,63.695,1.0
2018-07,cine_photo,1178.54,7,7,168.362857,1.0
2018-07,computers,11239.0,8,8,1404.875,1.0
2018-07,computers_accessories,41063.31,381,418,98.237584,1.097113
2018-07,consoles_games,8519.11,49,49,173.859388,1.0
2018-07,construction_tools_construction,15237.47,98,115,132.499739,1.173469
2018-07,construction_tools_lights,7249.61,40,55,131.811091,1.375
2018-07,construction_tools_safety,1888.95,15,15,125.93,1.0
2018-07,cool_stuff,21152.01,113,115,183.930522,1.017699
2018-07,costruction_tools_garden,1922.66,19,22,87.393636,1.157895
2018-07,costruction_tools_tools,5501.2,10,12,458.433333,1.2
2018-07,diapers_and_hygiene,121.0,3,3,40.333333,1.0
2018-07,drinks,1260.17,16,16,78.760625,1.0
2018-07,dvds_blu_ray,83.99,1,1,83.99,1.0
2018-07,electronics,9270.95,142,151,61.39702,1.06338
2018-07,fashion_bags_accessories,6071.07,74,74,82.041486,1.0
2018-07,fashion_male_clothing,208.7,5,5,41.74,1.0
2018-07,fashion_shoes,820.19,5,5,164.038,1.0
2018-07,fashion_underwear_beach,109.8,2,2,54.9,1.0
2018-07,fixed_telephony,9319.39,8,11,847.217273,1.375
2018-07,flowers,47.99,2,2,23.995,1.0
2018-07,food,3378.17,59,64,52.783906,1.084746
2018-07,food_drink,778.73,14,17,45.807647,1.214286
2018-07,furniture_bedroom,1386.9,7,10,138.69,1.428571
2018-07,furniture_decor,45393.59,343,436,104.113739,1.271137
2018-07,furniture_living_room,6706.64,49,54,124.197037,1.102041
2018-07,furniture_mattress_and_upholstery,129.9,1,1,129.9,1.0
2018-07,garden_tools,25639.88,152,177,144.858079,1.164474
2018-07,health_beauty,103524.22,699,770,134.447039,1.101574
2018-07,home_appliances,5173.03,78,78,66.320897,1.0
2018-07,home_appliances_2,12597.32,22,23,547.709565,1.045455
2018-07,home_comfort_2,38.7,2,3,12.9,1.5
2018-07,home_confort,2906.48,23,23,126.368696,1.0
2018-07,home_construction,6700.25,57,60,111.670833,1.052632
2018-07,housewares,62583.3,462,564,110.963298,1.220779
2018-07,industry_commerce_and_business,4697.21,13,14,335.515,1.076923
2018-07,kitchen_dining_laundry_garden_furniture,3736.95,20,22,169.861364,1.1
2018-07,luggage_accessories,5821.72,53,54,107.80963,1.018868
2018-07,market_place,186.78,4,4,46.695,1.0
2018-07,music,849.3,3,3,283.1,1.0
2018-07,musical_instruments,7871.93,32,36,218.664722,1.125
2018-07,office_furniture,13225.28,62,80,165.316,1.290323
2018-07,party_supplies,57.5,2,2,28.75,1.0
2018-07,perfumery,20645.97,168,199,103.748593,1.184524
2018-07,pet_shop,19343.85,138,158,122.42943,1.144928
2018-07,signaling_and_security,3785.19,19,29,130.523793,1.526316
2018-07,small_appliances,8161.35,35,42,194.317857,1.2
2018-07,small_appliances_home_oven_and_coffee,4699.67,14,15,313.311333,1.071429
2018-07,sports_leisure,54015.89,410,460,117.425848,1.121951
2018-07,stationery,17217.19,168,190,90.616789,1.130952
2018-07,telephony,26492.68,202,221,119.87638,1.094059
2018-07,toys,17022.0,148,154,110.532468,1.040541
2018-07,unknown,5222.03,50,57,91.614561,1.14
2018-07,watches_gifts,95164.79,507,521,182.657946,1.027613
2018-08,agro_industry_and_commerce,5021.09,14,18,278.949444,1.285714
2018-08,air_conditioning,3556.9,17,21,169.37619,1.235294
2018-08,art,1481.39,18,18,82.299444,1.0
2018-08,arts_and_craftmanship,901.76,9,9,100.195556,1.0
2018-08,audio,2069.4,24,26,79.592308,1.083333
2018-08,auto,45032.58,345,370,121.709676,1.072464
2018-08,baby,21266.57,201,212,100.314009,1.054726
2018-08,bed_bath_table,60891.09,555,655,92.963496,1.18018
2018-08,books_general_interest,1564.78,34,36,43.466111,1.058824
2018-08,books_imported,749.0,1,1,749.0,1.0
2018-08,books_technical,1483.79,28,29,51.165172,1.035714
2018-08,christmas_supplies,529.37,10,10,52.937,1.0
2018-08,cine_photo,595.29,8,9,66.143333,1.125
2018-08,computers,8711.5,10,12,725.958333,1.2
2018-08,computers_accessories,40052.64,380,415,96.512386,1.092105
2018-08,consoles_games,4381.31,53,59,74.259492,1.113208
2018-08,construction_tools_construction,22917.16,124,162,141.463951,1.306452
2018-08,construction_tools_lights,8212.53,56,62,132.460161,1.107143
2018-08,construction_tools_safety,3970.22,21,25,158.8088,1.190476
2018-08,cool_stuff,15794.89,116,119,132.730168,1.025862
2018-08,costruction_tools_garden,3688.76,19,23,160.38087,1.210526
2018-08,costruction_tools_tools,1255.77,14,14,89.697857,1.0
2018-08,diapers_and_hygiene,231.89,3,3,77.296667,1.0
2018-08,drinks,1423.26,24,27,52.713333,1.125
2018-08,dvds_blu_ray,8.9,1,1,8.9,1.0
2018-08,electronics,10739.57,114,119,90.248487,1.04386
2018-08,fashio_female_clothing,129.97,2,3,43.323333,1.5
2018-08,fashion_bags_accessories,8127.53,121,126,64.504206,1.041322
2018-08,fashion_male_clothing,381.69,3,3,127.23,1.0
2018-08,fashion_shoes,471.3,3,3,157.1,1.0
2018-08,fashion_sport,69.9,1,1,69.9,1.0
2018-08,fashion_underwear_beach,160.0,1,1,160.0,1.0
2018-08,fixed_telephony,2724.17,10,10,272.417,1.0
2018-08,food,8174.18,102,115,71.079826,1.127451
2018-08,food_drink,1028.61,16,21,48.981429,1.3125
2018-08,furniture_bedroom,2197.0,10,12,183.083333,1.2
2018-08,furniture_decor,41168.55,341,430,95.740814,1.260997
2018-08,furniture_living_room,5223.34,38,40,130.5835,1.052632
2018-08,garden_tools,16314.7,120,136,119.961029,1.133333
2018-08,health_beauty,119391.01,765,835,142.983246,1.091503
2018-08,home_appliances,6443.85,62,63,102.283333,1.016129
2018-08,home_appliances_2,7532.76,14,14,538.054286,1.0
2018-08,home_confort,2241.28,15,16,140.08,1.066667
2018-08,home_construction,6286.16,44,48,130.961667,1.090909
2018-08,housewares,58763.36,549,616,95.395065,1.12204
2018-08,industry_commerce_and_business,2364.69,9,10,236.469,1.111111
2018-08,kitchen_dining_laundry_garden_furniture,2011.47,19,20,100.5735,1.052632
2018-08,luggage_accessories,6599.75,62,64,103.121094,1.032258
2018-08,market_place,949.27,8,8,118.65875,1.0
2018-08,music,497.81,6,6,82.968333,1.0
2018-08,musical_instruments,10519.34,39,41,256.569268,1.051282
2018-08,office_furniture,6758.87,24,30,225.295667,1.25
2018-08,party_supplies,1285.29,14,14,91.806429,1.0
2018-08,perfumery,24839.74,203,218,113.943761,1.073892
2018-08,pet_shop,24608.07,166,198,124.283182,1.192771
2018-08,signaling_and_security,1825.59,16,22,82.981364,1.375
2018-08,small_appliances,6168.06,23,23,268.176522,1.0
2018-08,small_appliances_home_oven_and_coffee,2996.72,17,17,176.277647,1.0
2018-08,sports_leisure,50860.18,432,471,107.983397,1.090278
2018-08,stationery,15445.65,158,169,91.394379,1.06962
2018-08,telephony,36572.91,240,271,134.955387,1.129167
2018-08,toys,16923.75,151,165,102.568182,1.092715
2018-08,unknown,4221.65,34,36,117.268056,1.058824
2018-08,watches_gifts,69767.06,387,411,169.749538,1.062016
