策略ID,优先级,策略名称,对应业务问题,目标用户,目标地区,目标订单金额区间,执行时间窗口,执行动作,监测指标,情景,情景性质,基准月份,基准口径,目标基准值,目标基准单位,基准月GMV_BRL,基准月订单量,基准客单价_BRL,假设提升率,假设转移占比百分点,预计增量GMV_BRL,预计增量订单数,预计转移GMV_BRL,预计转移订单数,预计总GMV_BRL,预计整体GMV提升率,预计目标指标,计算公式,关键假设,成本等级,潜在风险,证据说明,数据限制
S1,1,提升客单价的加购与组合销售策略,3.1 GMV增长主要依赖订单规模，客单价提升不足,已有购买意愿、进入商品页或购物车的活跃用户,全平台,全部有效订单；优先覆盖接近当前客单价的订单,8—12周试点,增加关联商品、组合包、多件购和适度满额优惠；通过A/B测试控制优惠强度。,客单价、每单商品数、加购率、结算转化率、GMV、优惠成本率、退款率,保守,假设测算，非因果预测,2018-07,2018-07完整月订单量 × 2018-07客单价,166.89,BRL/单,1027903.86,6159,166.89,0.02,0,20557.51,0,0,0,1048461.37,0.019999448391992705,客单价由166.89提升至约170.23 BRL,预计增量GMV = 基准月订单量 × (新客单价 - 基准客单价),订单量保持不变；客单价提升来自真实加购或组合销售，不显著压低转化率。,中,优惠成本上升、转化率下降、商品推荐相关性不足、毛利被侵蚀,2016-10至2018-07 GMV和订单量大幅增长，但客单价由175.72降至166.89 BRL。,缺少营销费用、毛利、退款、支付失败率、手续费、物流成本及完整州级月度明细。
S1,1,提升客单价的加购与组合销售策略,3.1 GMV增长主要依赖订单规模，客单价提升不足,已有购买意愿、进入商品页或购物车的活跃用户,全平台,全部有效订单；优先覆盖接近当前客单价的订单,8—12周试点,增加关联商品、组合包、多件购和适度满额优惠；通过A/B测试控制优惠强度。,客单价、每单商品数、加购率、结算转化率、GMV、优惠成本率、退款率,基准,假设测算，非因果预测,2018-07,2018-07完整月订单量 × 2018-07客单价,166.89,BRL/单,1027903.86,6159,166.89,0.05,0,51393.78,0,0,0,1079297.64,0.0499986209799816,客单价由166.89提升至约175.23 BRL,预计增量GMV = 基准月订单量 × (新客单价 - 基准客单价),订单量保持不变；客单价提升来自真实加购或组合销售，不显著压低转化率。,中,优惠成本上升、转化率下降、商品推荐相关性不足、毛利被侵蚀,2016-10至2018-07 GMV和订单量大幅增长，但客单价由175.72降至166.89 BRL。,缺少营销费用、毛利、退款、支付失败率、手续费、物流成本及完整州级月度明细。
S1,1,提升客单价的加购与组合销售策略,3.1 GMV增长主要依赖订单规模，客单价提升不足,已有购买意愿、进入商品页或购物车的活跃用户,全平台,全部有效订单；优先覆盖接近当前客单价的订单,8—12周试点,增加关联商品、组合包、多件购和适度满额优惠；通过A/B测试控制优惠强度。,客单价、每单商品数、加购率、结算转化率、GMV、优惠成本率、退款率,乐观,假设测算，非因果预测,2018-07,2018-07完整月订单量 × 2018-07客单价,166.89,BRL/单,1027903.86,6159,166.89,0.08,0,82230.04,0,0,0,1110133.9,0.07999779356797049,客单价由166.89提升至约180.24 BRL,预计增量GMV = 基准月订单量 × (新客单价 - 基准客单价),订单量保持不变；客单价提升来自真实加购或组合销售，不显著压低转化率。,中,优惠成本上升、转化率下降、商品推荐相关性不足、毛利被侵蚀,2016-10至2018-07 GMV和订单量大幅增长，但客单价由175.72降至166.89 BRL。,缺少营销费用、毛利、退款、支付失败率、手续费、物流成本及完整州级月度明细。
S2,2,非信用卡支付引导与支付韧性建设,3.2 GMV高度集中于信用卡支付，支付渠道结构较为单一,结算环节可使用非信用卡支付方式的用户,全平台,全部有效订单,6—10周试点,优化boleto、voucher、debit card入口；测试备用支付路径和轻量引导。,信用卡GMV占比、非信用卡渗透率、支付成功率、失败恢复率、手续费率、取消率,保守,假设测算，非因果预测,2018-07,2018-07月GMV；按总GMV百分点进行渠道转移,1027903.86,BRL/月,1027903.86,6159,166.89,0,0.01,0,0,10279.04,62,1027903.86,0,信用卡GMV占比由78.46%降至约77.46%,预计转移GMV = 基准月GMV × 假设转移百分点；不计新增GMV,渠道转移不改变总体支付成功率和总GMV，转移来自支付方式替代而非新增需求。,低—中,非信用卡体验较差、到账慢、取消率上升、激励成本高于手续费节省,信用卡贡献78.46%的GMV；当前数据缺少失败率、手续费和拒付率，因此不推断利润改善。,缺少营销费用、毛利、退款、支付失败率、手续费、物流成本及完整州级月度明细。
S2,2,非信用卡支付引导与支付韧性建设,3.2 GMV高度集中于信用卡支付，支付渠道结构较为单一,结算环节可使用非信用卡支付方式的用户,全平台,全部有效订单,6—10周试点,优化boleto、voucher、debit card入口；测试备用支付路径和轻量引导。,信用卡GMV占比、非信用卡渗透率、支付成功率、失败恢复率、手续费率、取消率,基准,假设测算，非因果预测,2018-07,2018-07月GMV；按总GMV百分点进行渠道转移,1027903.86,BRL/月,1027903.86,6159,166.89,0,0.025,0,0,25697.6,154,1027903.86,0,信用卡GMV占比由78.46%降至约75.96%,预计转移GMV = 基准月GMV × 假设转移百分点；不计新增GMV,渠道转移不改变总体支付成功率和总GMV，转移来自支付方式替代而非新增需求。,低—中,非信用卡体验较差、到账慢、取消率上升、激励成本高于手续费节省,信用卡贡献78.46%的GMV；当前数据缺少失败率、手续费和拒付率，因此不推断利润改善。,缺少营销费用、毛利、退款、支付失败率、手续费、物流成本及完整州级月度明细。
S2,2,非信用卡支付引导与支付韧性建设,3.2 GMV高度集中于信用卡支付，支付渠道结构较为单一,结算环节可使用非信用卡支付方式的用户,全平台,全部有效订单,6—10周试点,优化boleto、voucher、debit card入口；测试备用支付路径和轻量引导。,信用卡GMV占比、非信用卡渗透率、支付成功率、失败恢复率、手续费率、取消率,乐观,假设测算，非因果预测,2018-07,2018-07月GMV；按总GMV百分点进行渠道转移,1027903.86,BRL/月,1027903.86,6159,166.89,0,0.04,0,0,41116.15,246,1027903.86,0,信用卡GMV占比由78.46%降至约74.46%,预计转移GMV = 基准月GMV × 假设转移百分点；不计新增GMV,渠道转移不改变总体支付成功率和总GMV，转移来自支付方式替代而非新增需求。,低—中,非信用卡体验较差、到账慢、取消率上升、激励成本高于手续费节省,信用卡贡献78.46%的GMV；当前数据缺少失败率、手续费和拒付率，因此不推断利润改善。,缺少营销费用、毛利、退款、支付失败率、手续费、物流成本及完整州级月度明细。
S3,3,非头部州分层增长试点,3.3 GMV集中于少数头部州，区域增长表现存在分化,RJ、RS、PR、BA等大规模低增速州用户；DF、ES等小规模高增速州用户,非SP、RJ、MG州为测算目标池；实际执行按州分层,全部有效订单,3—6个月,大规模低增速州做召回、品类补齐和本地化促销；小规模高增速州增加高转化品类曝光并验证物流承载。,州级GMV、订单量、活跃用户、转化率、客单价、配送时效、取消率、营销成本/增量GMV,保守,假设测算，非因果预测,2018-07,2018-07月GMV × 非前三州GMV占比37.88%,389369.98,BRL/月,1027903.86,6159,166.89,0.015,0,5840.55,35,0,0,1033744.41,0.005682,非前三州GMV占比由37.88%提升至约38.23%,预计增量GMV = 基准月GMV × 37.88% × 假设区域提升率；预计增量订单 = 增量GMV ÷ 166.89,全样本州级结构近似代表2018-07结构；新增订单客单价接近平台基准；物流与供给可承接增长。,中—高,区域营销效率偏低、物流时效恶化、小州低基数放大增长率、州级结构近似产生误差,SP、RJ、MG合计贡献62.12%的GMV；部分大州增速偏慢，而DF、ES规模较小但增速较高。,缺少营销费用、毛利、退款、支付失败率、手续费、物流成本及完整州级月度明细。
S3,3,非头部州分层增长试点,3.3 GMV集中于少数头部州，区域增长表现存在分化,RJ、RS、PR、BA等大规模低增速州用户；DF、ES等小规模高增速州用户,非SP、RJ、MG州为测算目标池；实际执行按州分层,全部有效订单,3—6个月,大规模低增速州做召回、品类补齐和本地化促销；小规模高增速州增加高转化品类曝光并验证物流承载。,州级GMV、订单量、活跃用户、转化率、客单价、配送时效、取消率、营销成本/增量GMV,基准,假设测算，非因果预测,2018-07,2018-07月GMV × 非前三州GMV占比37.88%,389369.98,BRL/月,1027903.86,6159,166.89,0.03,0,11681.1,70,0,0,1039584.96,0.011364,非前三州GMV占比由37.88%提升至约38.58%,预计增量GMV = 基准月GMV × 37.88% × 假设区域提升率；预计增量订单 = 增量GMV ÷ 166.89,全样本州级结构近似代表2018-07结构；新增订单客单价接近平台基准；物流与供给可承接增长。,中—高,区域营销效率偏低、物流时效恶化、小州低基数放大增长率、州级结构近似产生误差,SP、RJ、MG合计贡献62.12%的GMV；部分大州增速偏慢，而DF、ES规模较小但增速较高。,缺少营销费用、毛利、退款、支付失败率、手续费、物流成本及完整州级月度明细。
S3,3,非头部州分层增长试点,3.3 GMV集中于少数头部州，区域增长表现存在分化,RJ、RS、PR、BA等大规模低增速州用户；DF、ES等小规模高增速州用户,非SP、RJ、MG州为测算目标池；实际执行按州分层,全部有效订单,3—6个月,大规模低增速州做召回、品类补齐和本地化促销；小规模高增速州增加高转化品类曝光并验证物流承载。,州级GMV、订单量、活跃用户、转化率、客单价、配送时效、取消率、营销成本/增量GMV,乐观,假设测算，非因果预测,2018-07,2018-07月GMV × 非前三州GMV占比37.88%,389369.98,BRL/月,1027903.86,6159,166.89,0.05,0,19468.5,117,0,0,1047372.36,0.018940000000000002,非前三州GMV占比由37.88%提升至约39.03%,预计增量GMV = 基准月GMV × 37.88% × 假设区域提升率；预计增量订单 = 增量GMV ÷ 166.89,全样本州级结构近似代表2018-07结构；新增订单客单价接近平台基准；物流与供给可承接增长。,中—高,区域营销效率偏低、物流时效恶化、小州低基数放大增长率、州级结构近似产生误差,SP、RJ、MG合计贡献62.12%的GMV；部分大州增速偏慢，而DF、ES规模较小但增速较高。,缺少营销费用、毛利、退款、支付失败率、手续费、物流成本及完整州级月度明细。
